SK_ID_CURR;CNT_CHILDREN;AMT_INCOME_TOTAL;AMT_CREDIT;REGION_POPULATION_RELATIVE;DAYS_BIRTH;DAYS_EMPLOYED;DAYS_REGISTRATION;DAYS_ID_PUBLISH;OWN_CAR_AGE;FLAG_WORK_PHONE;REGION_RATING_CLIENT;HOUR_APPR_PROCESS_START;REG_CITY_NOT_LIVE_CITY;EXT_SOURCE_1;EXT_SOURCE_2;EXT_SOURCE_3;APARTMENTS_AVG;BASEMENTAREA_AVG;YEARS_BEGINEXPLUATATION_AVG;YEARS_BUILD_AVG;COMMONAREA_AVG;ENTRANCES_AVG;FLOORSMAX_AVG;LANDAREA_AVG;NONLIVINGAPARTMENTS_AVG;NONLIVINGAREA_AVG;OBS_30_CNT_SOCIAL_CIRCLE;DEF_30_CNT_SOCIAL_CIRCLE;DAYS_LAST_PHONE_CHANGE;FLAG_DOCUMENT_3;FLAG_DOCUMENT_13;FLAG_DOCUMENT_16;FLAG_DOCUMENT_18;AMT_REQ_CREDIT_BUREAU_DAY;AMT_REQ_CREDIT_BUREAU_MON;AMT_REQ_CREDIT_BUREAU_QRT;AMT_REQ_CREDIT_BUREAU_YEAR;bureau_CREDIT_ACTIVE_Sold_mean;bureau_CREDIT_TYPE_Mortgage_mean;bureau_CREDIT_TYPE_Microloan_mean;bureau_CREDIT_TYPE_Car loan_mean;bureau_CREDIT_TYPE_Credit card_mean;bureau_CREDIT_TYPE_Credit card_sum;bureau_CREDIT_ACTIVE_Active_mean;bureau_CREDIT_ACTIVE_Closed_mean;bureau_CREDIT_TYPE_Consumer credit_mean;bureau_CREDIT_ACTIVE_Active_sum;bureau_CREDIT_ACTIVE_Closed_sum;bureau_DAYS_CREDIT_sum;bureau_DAYS_CREDIT_min;bureau_DAYS_CREDIT_ENDDATE_min;bureau_DAYS_CREDIT_UPDATE_min;bureau_DAYS_CREDIT_max;bureau_AMT_CREDIT_SUM_DEBT_min;bureau_AMT_CREDIT_SUM_LIMIT_min;bureau_AMT_ANNUITY_min;bureau_AMT_CREDIT_MAX_OVERDUE_count;bureau_AMT_CREDIT_SUM_LIMIT_mean;bureau_AMT_CREDIT_MAX_OVERDUE_sum;bureau_AMT_ANNUITY_count;bureau_DAYS_CREDIT_ENDDATE_mean;bureau_AMT_ANNUITY_mean;bureau_AMT_CREDIT_SUM_min;bureau_AMT_CREDIT_SUM_mean;client_bureau_balance_MONTHS_BALANCE_sum_sum;client_bureau_balance_STATUS_5_mean_sum;client_bureau_balance_STATUS_2_mean_sum;client_bureau_balance_MONTHS_BALANCE_max_max;client_bureau_balance_STATUS_1_mean_min;client_bureau_balance_STATUS_X_mean_min;client_bureau_balance_STATUS_X_sum_min;client_bureau_balance_STATUS_C_mean_min;client_bureau_balance_STATUS_0_mean_min;client_bureau_balance_STATUS_X_mean_mean;client_bureau_balance_STATUS_C_mean_mean;client_bureau_balance_STATUS_0_sum_min;client_bureau_balance_STATUS_X_mean_sum;client_bureau_balance_STATUS_0_sum_mean;previous_NAME_SELLER_INDUSTRY_MLM partners_mean;previous_NAME_CASH_LOAN_PURPOSE_Journey_mean;previous_NAME_GOODS_CATEGORY_Sport and Leisure_mean;previous_NAME_CASH_LOAN_PURPOSE_Car repairs_mean;previous_NAME_TYPE_SUITE_Group of people_mean;previous_NAME_GOODS_CATEGORY_Other_mean;previous_NAME_CASH_LOAN_PURPOSE_Urgent needs_mean;previous_FLAG_LAST_APPL_PER_CONTRACT_N_mean;previous_CODE_REJECT_REASON_VERIF_mean;previous_CODE_REJECT_REASON_SCOFR_mean;previous_NAME_CASH_LOAN_PURPOSE_Repairs_mean;previous_NAME_SELLER_INDUSTRY_Industry_mean;previous_CHANNEL_TYPE_Channel of corporate sales_mean;previous_NAME_GOODS_CATEGORY_Homewares_mean;previous_NAME_CASH_LOAN_PURPOSE_Other_mean;previous_CODE_REJECT_REASON_SCO_mean;previous_NAME_CONTRACT_STATUS_Unused offer_mean;previous_CODE_REJECT_REASON_HC_mean;previous_NAME_TYPE_SUITE_Other_B_mean;previous_NAME_SELLER_INDUSTRY_Clothing_mean;previous_NAME_TYPE_SUITE_Other_A_mean;previous_NAME_TYPE_SUITE_Children_mean;previous_CHANNEL_TYPE_Contact center_mean;previous_NAME_GOODS_CATEGORY_Computers_mean;previous_NAME_GOODS_CATEGORY_Computers_sum;previous_PRODUCT_COMBINATION_POS industry without interest_mean;previous_NAME_GOODS_CATEGORY_Photo / Cinema Equipment_mean;previous_PRODUCT_COMBINATION_POS household without interest_mean;previous_WEEKDAY_APPR_PROCESS_START_WEDNESDAY_mean;previous_PRODUCT_COMBINATION_POS household without interest_sum;previous_NAME_YIELD_GROUP_low_action_sum;previous_WEEKDAY_APPR_PROCESS_START_WEDNESDAY_sum;previous_CHANNEL_TYPE_AP+ (Cash loan)_mean;previous_NAME_PRODUCT_TYPE_walk-in_mean;previous_WEEKDAY_APPR_PROCESS_START_MONDAY_mean;previous_NAME_PRODUCT_TYPE_walk-in_sum;previous_WEEKDAY_APPR_PROCESS_START_MONDAY_sum;previous_PRODUCT_COMBINATION_Card Street_mean;previous_NAME_SELLER_INDUSTRY_Construction_mean;previous_CODE_REJECT_REASON_LIMIT_mean;previous_PRODUCT_COMBINATION_Card X-Sell_mean;previous_WEEKDAY_APPR_PROCESS_START_TUESDAY_mean;previous_NAME_GOODS_CATEGORY_Audio/Video_mean;previous_WEEKDAY_APPR_PROCESS_START_TUESDAY_sum;previous_PRODUCT_COMBINATION_Cash_mean;previous_WEEKDAY_APPR_PROCESS_START_THURSDAY_mean;previous_WEEKDAY_APPR_PROCESS_START_THURSDAY_sum;previous_PRODUCT_COMBINATION_POS mobile without interest_mean;previous_CHANNEL_TYPE_Regional / Local_mean;previous_NAME_GOODS_CATEGORY_Furniture_mean;previous_NAME_GOODS_CATEGORY_Consumer Electronics_mean;previous_PRODUCT_COMBINATION_POS industry with interest_mean;previous_PRODUCT_COMBINATION_POS household with interest_mean;previous_WEEKDAY_APPR_PROCESS_START_SUNDAY_mean;previous_NAME_PORTFOLIO_Cash_mean;previous_NAME_CLIENT_TYPE_Repeater_mean;previous_NAME_TYPE_SUITE_Unaccompanied_mean;previous_NAME_YIELD_GROUP_middle_mean;previous_NAME_GOODS_CATEGORY_Consumer Electronics_sum;previous_PRODUCT_COMBINATION_POS household with interest_sum;previous_WEEKDAY_APPR_PROCESS_START_SUNDAY_sum;previous_NAME_PORTFOLIO_Cash_sum;previous_NAME_SELLER_INDUSTRY_Auto technology_mean;previous_NAME_CLIENT_TYPE_New_mean;previous_NAME_CLIENT_TYPE_New_sum;previous_CHANNEL_TYPE_Stone_mean;previous_WEEKDAY_APPR_PROCESS_START_SATURDAY_mean;previous_NAME_YIELD_GROUP_low_normal_mean;previous_NAME_PAYMENT_TYPE_XNA_mean;previous_CHANNEL_TYPE_Stone_sum;previous_WEEKDAY_APPR_PROCESS_START_SATURDAY_sum;previous_NAME_YIELD_GROUP_low_normal_sum;previous_PRODUCT_COMBINATION_POS mobile with interest_mean;previous_NAME_YIELD_GROUP_high_mean;previous_NAME_YIELD_GROUP_high_sum;previous_CHANNEL_TYPE_Country-wide_mean;previous_WEEKDAY_APPR_PROCESS_START_FRIDAY_mean;previous_NAME_CLIENT_TYPE_Refreshed_mean;previous_NAME_TYPE_SUITE_Family_mean;previous_NAME_PAYMENT_TYPE_Cash through the bank_mean;previous_CHANNEL_TYPE_Country-wide_sum;previous_WEEKDAY_APPR_PROCESS_START_FRIDAY_sum;previous_NAME_PORTFOLIO_POS_mean;previous_NAME_CONTRACT_STATUS_Approved_mean;previous_NAME_PORTFOLIO_POS_sum;previous_DAYS_DECISION_sum;previous_DAYS_DECISION_min;previous_DAYS_FIRST_DUE_sum;previous_DAYS_FIRST_DUE_min;previous_DAYS_LAST_DUE_sum;previous_DAYS_LAST_DUE_min;previous_DAYS_LAST_DUE_1ST_VERSION_sum;previous_DAYS_LAST_DUE_1ST_VERSION_min;previous_NFLAG_INSURED_ON_APPROVAL_mean;previous_RATE_DOWN_PAYMENT_min;previous_CNT_PAYMENT_min;previous_CNT_PAYMENT_mean;previous_HOUR_APPR_PROCESS_START_min;previous_SELLERPLACE_AREA_min;previous_AMT_DOWN_PAYMENT_min;previous_AMT_ANNUITY_min;previous_AMT_ANNUITY_mean;previous_AMT_CREDIT_min;previous_DAYS_FIRST_DRAWING_min;client_cash_MONTHS_BALANCE_sum_sum;client_cash_MONTHS_BALANCE_sum_max;client_cash_SK_DPD_min_mean;client_cash_SK_DPD_DEF_mean_min;client_cash_SK_DPD_mean_min;client_cash_NAME_CONTRACT_STATUS_Returned to the store_mean_max;client_cash_NAME_CONTRACT_STATUS_Signed_mean_min;client_cash_NAME_CONTRACT_STATUS_Signed_mean_max;client_cash_CNT_INSTALMENT_FUTURE_min_min;client_cash_CNT_INSTALMENT_FUTURE_min_mean;client_cash_NAME_CONTRACT_STATUS_Completed_mean_min;client_cash_NAME_CONTRACT_STATUS_Completed_mean_max;client_cash_NAME_CONTRACT_STATUS_Active_mean_min;client_cash_CNT_INSTALMENT_FUTURE_mean_min;client_cash_SK_DPD_mean_mean;client_cash_NAME_CONTRACT_STATUS_Active_mean_mean;client_cash_NAME_CONTRACT_STATUS_Completed_sum_mean;client_cash_NAME_CONTRACT_STATUS_Active_sum_min;client_cash_NAME_CONTRACT_STATUS_Active_sum_mean;client_credit_MONTHS_BALANCE_sum_sum;client_credit_AMT_RECIVABLE_min_sum;client_credit_CNT_DRAWINGS_POS_CURRENT_min_sum;client_credit_AMT_DRAWINGS_POS_CURRENT_min_sum;client_credit_AMT_PAYMENT_CURRENT_min_sum;client_credit_NAME_CONTRACT_STATUS_Signed_mean_min;client_credit_CNT_DRAWINGS_OTHER_CURRENT_mean_sum;client_credit_AMT_DRAWINGS_OTHER_CURRENT_sum_min;client_credit_CNT_DRAWINGS_POS_CURRENT_sum_min;client_credit_AMT_DRAWINGS_POS_CURRENT_sum_mean;client_credit_AMT_DRAWINGS_POS_CURRENT_max_sum;client_credit_NAME_CONTRACT_STATUS_Completed_mean_min;client_credit_NAME_CONTRACT_STATUS_Completed_sum_min;client_credit_SK_DPD_mean_min;client_credit_CNT_DRAWINGS_ATM_CURRENT_sum_min;client_credit_CNT_INSTALMENT_MATURE_CUM_mean_min;client_credit_AMT_DRAWINGS_CURRENT_mean_min;client_credit_AMT_INST_MIN_REGULARITY_mean_mean;client_credit_AMT_PAYMENT_TOTAL_CURRENT_max_mean;client_credit_NAME_CONTRACT_STATUS_Active_mean_min;client_credit_AMT_CREDIT_LIMIT_ACTUAL_min_min;client_credit_AMT_CREDIT_LIMIT_ACTUAL_min_sum;client_credit_CNT_DRAWINGS_OTHER_CURRENT_mean_mean;client_credit_CNT_DRAWINGS_ATM_CURRENT_mean_min;client_credit_CNT_DRAWINGS_ATM_CURRENT_max_min;client_installments_NUM_INSTALMENT_VERSION_min_max;client_installments_NUM_INSTALMENT_VERSION_mean_mean;client_installments_NUM_INSTALMENT_NUMBER_mean_min;client_installments_AMT_PAYMENT_min_min;client_installments_AMT_PAYMENT_min_max;client_installments_AMT_PAYMENT_min_sum;NAME_CONTRACT_TYPE_Cash loans;CODE_GENDER_F;CODE_GENDER_M;NAME_INCOME_TYPE_State servant;NAME_INCOME_TYPE_Working;NAME_EDUCATION_TYPE_Higher education;NAME_EDUCATION_TYPE_Secondary / secondary special;NAME_FAMILY_STATUS_Civil marriage;NAME_FAMILY_STATUS_Married;NAME_HOUSING_TYPE_House / apartment;NAME_HOUSING_TYPE_Municipal apartment;OCCUPATION_TYPE_Cleaning staff;OCCUPATION_TYPE_Core staff;OCCUPATION_TYPE_Drivers;OCCUPATION_TYPE_High skill tech staff;OCCUPATION_TYPE_Laborers;OCCUPATION_TYPE_Sales staff;WEEKDAY_APPR_PROCESS_START_TUESDAY;WEEKDAY_APPR_PROCESS_START_WEDNESDAY;ORGANIZATION_TYPE_Bank;ORGANIZATION_TYPE_Business Entity Type 3;ORGANIZATION_TYPE_Construction;ORGANIZATION_TYPE_Military;ORGANIZATION_TYPE_Realtor;ORGANIZATION_TYPE_School;ORGANIZATION_TYPE_Security;ORGANIZATION_TYPE_Self-employed;FONDKAPREMONT_MODE_reg oper account;WALLSMATERIAL_MODE_Panel
100001;0;135000.0;568800.0;0.01885;-19241;-2329.0;-5170.0;-812;;0;2;18;0;0.7526145;0.7896544;0.15951954;0.066;0.059;0.9732;;;0.1379;0.125;;;;0.0;0.0;-1740.0;VRAI;0;0;0;0.0;0.0;0.0;0.0;0.0;0.0;0.0;0.0;0.0;0.0;0.4285714285714285;0.5714285714285714;1.0;3.0;4.0;-5145.0;-1572.0;-1329.0;-155.0;-49.0;0.0;0.0;0.0;0.0;0.0;0.0;7.0;82.42857142857143;3545.3571428571427;85500.0;207623.57142857145;-2800.0;0.0;0.0;0.0;0.0;0.0;0.0;0.0;0.0192307692307692;0.2145898566043756;0.4412403688265757;1.0;1.5021289962306297;4.428571428571429;0.0;0.0;0.0;0.0;0.0;0.0;0.0;0.0;0.0;0.0;0.0;0.0;0.0;0.0;0.0;0.0;0.0;0.0;0.0;0.0;0.0;0.0;0.0;0.0;0.0;0.0;0.0;0.0;0.0;0.0;0.0;0.0;0.0;0.0;0.0;0.0;0.0;0.0;0.0;0.0;0.0;0.0;0.0;0.0;0.0;0.0;0.0;0.0;0.0;0.0;0.0;0.0;0.0;0.0;0.0;0.0;0.0;0.0;0.0;0.0;0.0;0.0;0.0;0.0;0.0;0.0;0.0;0.0;0.0;0.0;0.0;0.0;1.0;1.0;1.0;1.0;1.0;1.0;1.0;1.0;1.0;1.0;1.0;1.0;1.0;-1740.0;-1740.0;-1709.0;-1709.0;-1619.0;-1619.0;-1499.0;-1499.0;0.0;0.10432619;8.0;8.0;13.0;23.0;2520.0;3951.0;3951.0;23787.0;365243.0;-2887.0;-275.0;0.0;0.0;0.0;0.0;0.0;0.0;0.0;0.0;0.2;0.25;0.75;0.75;0.7777777777777778;0.7777777777777778;1.0;3.0;3.555555555555556;;;;;;;;;;;;;;;;;;;;;;;;;;1.0;1.1428572;2.5;3951.0;3980.925;27746.775;VRAI;VRAI;FAUX;FAUX;VRAI;VRAI;FAUX;FAUX;VRAI;VRAI;FAUX;FAUX;FAUX;FAUX;FAUX;FAUX;FAUX;VRAI;FAUX;FAUX;FAUX;FAUX;FAUX;FAUX;FAUX;FAUX;FAUX;FAUX;FAUX
100005;0;99000.0;222768.0;0.035792;-18064;-4469.0;-9118.0;-1623;;0;2;9;0;0.5649902;0.29165554;0.43296167;;;;;;;;;;;0.0;0.0;0.0;VRAI;0;0;0;0.0;0.0;0.0;3.0;0.0;0.0;0.0;0.0;0.3333333333333333;1.0;0.6666666666666666;0.3333333333333333;0.6666666666666666;2.0;1.0;-572.0;-373.0;-128.0;-121.0;-62.0;0.0;0.0;0.0;1.0;0.0;0.0;3.0;439.3333333333333;1420.5;29826.0;219042.0;-91.0;0.0;0.0;0.0;0.0;0.0;0.0;0.0;0.5384615384615384;0.1367521367521367;0.1282051282051282;2.0;0.4102564102564102;4.666666666666667;0.0;0.0;0.0;0.0;0.0;0.0;0.0;0.0;0.0;0.0;0.0;0.0;0.0;0.0;0.0;0.0;0.0;0.0;0.0;0.0;0.0;0.0;0.0;0.0;0.0;0.0;0.0;0.0;0.0;0.0;0.0;0.0;0.0;0.0;0.0;0.0;0.0;0.0;0.0;0.0;0.0;0.0;0.0;0.0;0.5;0.5;1.0;0.0;0.0;0.0;0.0;0.0;0.0;0.0;0.0;0.5;0.0;0.0;0.0;0.0;0.0;0.0;0.0;0.5;1.0;0.0;0.0;0.0;0.5;0.0;0.0;0.0;0.5;0.5;1.0;0.5;0.5;0.0;0.0;0.5;1.0;1.0;0.5;0.5;1.0;-1072.0;-757.0;-706.0;-706.0;-466.0;-466.0;-376.0;-376.0;0.0;0.10896401;12.0;12.0;10.0;-1.0;4464.0;4813.2;4813.2;0.0;365243.0;-2420.0;-220.0;0.0;0.0;0.0;0.0;0.0909090909090909;0.0909090909090909;0.0;0.0;0.0909090909090909;0.0909090909090909;0.8181818181818182;7.2;0.0;0.8181818181818182;1.0;9.0;9.0;;;;;;;;;;;;;;;;;;;;;;;;;;1.0;1.1111112;5.0;4813.2;4813.2;43318.8;VRAI;FAUX;VRAI;FAUX;VRAI;FAUX;VRAI;FAUX;VRAI;VRAI;FAUX;FAUX;FAUX;FAUX;FAUX;FAUX;FAUX;FAUX;FAUX;FAUX;FAUX;FAUX;FAUX;FAUX;FAUX;FAUX;VRAI;FAUX;FAUX
100013;0;202500.0;663264.0;0.019101;-20038;-4458.0;-2175.0;-3503;5.0;0;2;14;0;;0.69978684;0.6109913;;;;;;;;;;;0.0;0.0;-856.0;FAUX;0;0;0;0.0;0.0;1.0;4.0;0.0;0.0;0.0;0.5;0.0;0.0;0.0;1.0;0.5;0.0;4.0;-6950.0;-2070.0;-1707.0;-1334.0;-1210.0;0.0;;0.0;1.0;;19305.0;2.0;-1068.0;0.0;26490.06;518070.015;-6756.0;0.0;0.0;0.0;0.0;0.0;0.0;0.0;0.0;0.2545454545454545;0.3970355731225296;0.0;1.018181818181818;19.75;0.0;0.0;0.0;0.0;0.0;0.0;0.0;0.0;0.0;0.0;0.0;0.0;0.0;0.0;0.0;0.0;0.0;0.0;0.0;0.0;0.0;0.0;0.0;0.25;1.0;0.0;0.0;0.0;0.25;0.0;0.0;1.0;0.0;0.0;0.25;0.0;1.0;0.0;0.0;0.0;0.0;0.0;0.0;0.0;0.25;0.25;1.0;0.0;0.25;0.0;0.0;0.0;0.25;0.0;0.25;1.0;0.5;0.5;0.0;1.0;0.0;1.0;0.0;0.0;0.0;0.25;0.25;0.0;0.25;1.0;1.0;0.0;0.25;0.25;1.0;0.0;0.0;0.0;0.0;0.75;0.0;0.0;0.5;0.75;2.0;-3350.0;-1999.0;-3017.0;-1949.0;-2147.0;-1709.0;-1547.0;-1679.0;0.33333334;0.0;6.0;17.333334;12.0;-1.0;0.0;4742.415;11478.195;0.0;365243.0;-13993.0;-42.0;0.0;0.0;0.0;0.0;0.0;0.0909090909090909;0.0;0.0;0.0555555555555555;0.1428571428571428;0.8181818181818182;3.0;0.9444444444444444;0.8888888888888888;1.0;6.0;12.416666666666666;-446976.0;-26334.72;0.0;0.0;0.0;0.0;0.0;0.0;0.0;0.0;0.0;0.0;0.0;0.0104166666666666;23.0;18.7191;5953.125;1454.5396;153675.0;1.0;45000.0;4320000.0;0.0;0.25555557;7.0;1.0;0.27741936;3.75;6.165;6538.185;66875.266;VRAI;FAUX;VRAI;FAUX;VRAI;VRAI;FAUX;FAUX;VRAI;VRAI;FAUX;FAUX;FAUX;VRAI;FAUX;FAUX;FAUX;FAUX;FAUX;FAUX;FAUX;FAUX;FAUX;FAUX;FAUX;FAUX;FAUX;FAUX;FAUX
100028;2;315000.0;1575000.0;0.026392;-13976;-1866.0;-2000.0;-4208;;0;2;11;0;0.525734;0.50967705;0.6127042;0.3052;0.1974;0.997;0.9592;0.1165;0.2759;0.375;0.2042;0.0386;0.08;0.0;0.0;-1805.0;VRAI;0;0;0;0.0;0.0;0.0;3.0;0.0;0.0;0.0;0.0;0.4166666666666667;5.0;0.4166666666666667;0.5833333333333334;0.5833333333333334;5.0;7.0;-16821.0;-2105.0;-1862.0;-1564.0;-269.0;0.0;0.0;0.0;4.0;14484.394285714285;0.0;7.0;2387.7;3012.0107142857146;0.0;126739.59;-15363.0;0.0;0.0;0.0;0.0;0.0;0.0;0.0;0.0;0.2604344403380307;0.3622449101837399;0.0;3.125213284056369;13.666666666666666;0.0;0.0;0.0;0.0;0.0;0.0;0.0;0.0;0.0;0.0;0.0;0.0;0.0;0.0;0.0;0.0;0.2;0.0;0.0;0.0;0.0;0.0;0.2;0.2;1.0;0.0;0.0;0.2;0.0;1.0;1.0;0.0;0.0;0.0;0.0;0.0;0.0;0.0;0.0;0.0;0.2;0.0;0.0;0.0;0.2;0.8;4.0;0.0;0.0;0.0;0.2;0.0;0.2;0.0;0.0;0.8;0.0;0.2;1.0;1.0;0.0;0.0;0.0;0.2;1.0;0.0;0.2;0.0;0.4;0.0;1.0;0.0;0.2;0.0;0.0;0.6;0.0;0.0;0.0;0.6;3.0;0.0;0.4;0.6;2.0;-5621.0;-1805.0;-3813.0;-1773.0;363514.0;-1083.0;363664.0;-1083.0;0.0;0.0;0.0;11.333333;9.0;-1.0;0.0;6028.02;8091.5845;0.0;-1323.0;-28487.0;-161.0;0.0;0.0;0.0;0.0;0.0;0.0;0.0;0.0;0.0416666666666666;0.1428571428571428;0.8571428571428571;5.0;0.0;0.935483870967742;1.0;6.0;19.161290322580644;-60025.0;0.0;0.0;0.0;0.0;0.0;0.0;0.0;115.0;274663.62;1118354.0;0.0;0.0;0.0;2.0;19.547619;6156.4004;6133.3633;15750.0;1.0;225000.0;11025000.0;0.0;0.045454547;1.0;1.0;0.460177;3.0;1.17;6996.735;172044.31;VRAI;VRAI;FAUX;FAUX;VRAI;FAUX;VRAI;FAUX;VRAI;VRAI;FAUX;FAUX;FAUX;FAUX;FAUX;FAUX;VRAI;FAUX;VRAI;FAUX;VRAI;FAUX;FAUX;FAUX;FAUX;FAUX;FAUX;VRAI;VRAI
100038;1;180000.0;625500.0;0.010032;-13040;-2191.0;-4000.0;-4262;16.0;1;2;5;0;0.202145;0.42568728;;;;;;;;;;;;0.0;0.0;-821.0;VRAI;0;0;0;;;;;;;;;;;;;;;;;;;;;;;;;;;;;;;;;;;;;;;;;;;;;;0.0;0.0;0.0;0.0;0.0;0.0;0.0;0.0;0.0;0.0;0.0;0.0;0.0;0.0;0.0;0.0;0.0;0.0;0.0;0.0;0.0;0.0;0.5;0.5;1.0;0.0;0.0;0.0;0.0;0.0;0.0;0.0;0.0;0.0;0.0;0.0;0.0;0.0;0.0;0.0;0.0;0.5;0.0;1.0;0.0;0.0;0.0;0.0;0.0;0.0;0.0;0.0;0.0;0.0;0.5;0.0;0.5;0.5;0.0;0.0;0.0;1.0;0.0;1.0;2.0;0.0;0.5;0.0;1.0;0.0;1.0;0.0;0.5;0.5;1.0;0.5;0.0;0.0;0.0;0.0;1.0;0.0;0.5;0.5;1.0;-932.0;-821.0;-787.0;-787.0;-457.0;-457.0;-457.0;-457.0;0.0;0.087553605;12.0;24.0;4.0;-1.0;8095.5;11100.6;17782.156;92605.5;365243.0;-3549.0;-273.0;0.0;0.0;0.0;0.0;0.0;0.0;0.0;0.0;0.0769230769230769;0.0769230769230769;0.9230769230769232;5.8461537;0.0;0.9230769230769232;1.0;12.0;12.0;;;;;;;;;;;;;;;;;;;;;;;;;;1.0;1.0;6.5;11097.45;11097.45;133169.4;VRAI;FAUX;VRAI;FAUX;VRAI;FAUX;VRAI;FAUX;VRAI;VRAI;FAUX;FAUX;FAUX;FAUX;FAUX;FAUX;FAUX;FAUX;FAUX;FAUX;VRAI;FAUX;FAUX;FAUX;FAUX;FAUX;FAUX;FAUX;FAUX
100042;0;270000.0;959688.0;0.025164;-18604;-12009.0;-6116.0;-2027;10.0;0;2;15;0;;0.62890434;0.39277387;0.2412;0.0084;0.9821;0.7552;0.0452;0.1379;0.3333;0.1683;0.0116;0.0731;0.0;0.0;-1705.0;FAUX;0;0;0;0.0;0.0;1.0;2.0;0.0;0.0;0.0;0.0;0.2142857142857142;3.0;0.5714285714285714;0.4285714285714285;0.7857142857142857;8.0;6.0;-18557.0;-2723.0;-1627.0;-1569.0;-234.0;0.0;0.0;0.0;5.0;0.0;6561.0;8.0;620.3571428571429;17038.6875;80325.0;681475.5;-18155.0;0.0;0.0151515151515151;0.0;0.0;0.0;0.0;0.0;0.0;0.2867413632119514;0.2764100633665851;0.0;4.01437908496732;13.571428571428571;0.0;0.0;0.0;0.0;0.0;0.0;0.0;0.0;0.0;0.0;0.0;0.0;0.0;0.0;0.0;0.0;0.0;0.0;0.0;0.0;0.0;0.0;0.1111111111111111;0.0;0.0;0.0;0.0;0.1111111111111111;0.0;1.0;0.0;0.0;0.0;0.5555555555555556;0.3333333333333333;5.0;3.0;0.0;0.0;0.0;0.1111111111111111;0.2222222222222222;0.0;2.0;0.0;0.2222222222222222;2.0;0.0;0.0;0.0;0.1111111111111111;0.0;0.0;0.0;0.7777777777777778;0.8888888888888888;0.6666666666666666;0.4444444444444444;1.0;0.0;0.0;7.0;0.0;0.1111111111111111;1.0;0.0;0.0;0.3333333333333333;0.1111111111111111;0.0;0.0;3.0;0.0;0.1111111111111111;1.0;0.1111111111111111;0.2222222222222222;0.0;0.1111111111111111;0.8888888888888888;1.0;2.0;0.1111111111111111;1.0;1.0;-16396.0;-2750.0;-12978.0;-2719.0;-10231.0;-2449.0;358678.0;-2449.0;0.71428573;0.0;0.0;21.11111;9.0;-1.0;0.0;4500.0;23669.88;90000.0;-2547.0;-44426.0;-43.0;0.0;0.0;0.0;0.0;0.0;0.0;0.0;0.0;0.0555555555555555;0.5;0.5;3.7777777;0.0;0.9076923076923076;1.0;1.0;11.96923076923077;-299880.0;-2759.4;0.0;0.0;0.0;0.0;5.0;207931.5;8.0;24174.99;594216.0;0.0;0.0;0.0238095238095238;19.0;30.072289;5923.8867;2064.3706;87975.0;1.0;45000.0;3780000.0;0.05952381;0.22619048;3.0;2.0;0.35714287;1.0;32.85;1082512.6;1842460.9;VRAI;VRAI;FAUX;VRAI;FAUX;FAUX;VRAI;FAUX;VRAI;VRAI;FAUX;FAUX;FAUX;VRAI;FAUX;FAUX;FAUX;FAUX;FAUX;FAUX;FAUX;FAUX;FAUX;FAUX;FAUX;FAUX;FAUX;FAUX;FAUX
100057;2;180000.0;499221.0;0.0228;-16685;-2580.0;-10125.0;-241;3.0;0;2;9;0;0.760851;0.5710842;0.6512602;;;;;;;;;;;1.0;0.0;-1182.0;VRAI;0;0;0;0.0;0.0;0.0;1.0;0.0;0.125;0.0;0.125;0.125;1.0;0.125;0.875;0.625;1.0;7.0;-11019.0;-2623.0;-2530.0;-2529.0;-337.0;0.0;0.0;0.0;3.0;0.0;0.0;5.0;99.42857142857144;2367.0;22909.5;369032.5125;-11034.0;0.0;0.0;0.0;0.0;0.0;0.0;0.0;0.0204081632653061;0.1936989795918367;0.5210549455193219;1.0;1.549591836734694;8.875;0.0;0.0;0.0;0.0;0.0;0.0;0.0;0.0;0.0;0.0;0.0;0.0;0.0;0.0;0.0;0.0;0.25;0.0;0.0;0.0;0.0;0.0;0.0;0.0;0.0;0.0;0.25;0.25;0.0;1.0;0.0;0.0;0.0;0.0;0.25;0.0;1.0;0.0;0.0;0.0;0.0;0.0;0.0;0.0;0.0;0.0;0.0;0.25;0.0;0.0;0.0;0.0;0.0;0.0;0.0;0.25;0.25;0.75;0.0;0.0;0.0;0.0;0.0;0.0;0.0;0.0;0.0;0.0;0.0;0.0;0.0;0.0;0.5;0.0;0.0;1.0;0.75;0.5;0.0;1.0;4.0;3.0;0.75;0.75;3.0;-2744.0;-1182.0;-1455.0;-1145.0;364026.0;-1055.0;-795.0;-1055.0;0.0;0.0;4.0;8.333333;11.0;28.0;0.0;4747.59;7678.2446;23859.0;365243.0;-1499.0;-5.0;0.0;0.0;0.0;0.0;0.0;0.1666666666666666;0.0;1.2307693;0.0;0.2;0.6666666666666666;2.0;0.0;0.7692307692307693;0.8461538461538461;2.0;3.692307692307693;;;;;;;;;;;;;;;;;;;;;;;;;;1.0;1.1;1.5;4747.59;11929.905;68259.33;VRAI;FAUX;VRAI;FAUX;VRAI;VRAI;FAUX;FAUX;VRAI;VRAI;FAUX;FAUX;FAUX;FAUX;VRAI;FAUX;FAUX;FAUX;FAUX;FAUX;FAUX;FAUX;FAUX;FAUX;FAUX;FAUX;FAUX;FAUX;FAUX
100065;0;166500.0;180000.0;0.005144;-9516;-1387.0;-5063.0;-2055;;1;2;7;0;0.56529;0.61303306;0.31236538;;;;;;;;;;;0.0;0.0;-1182.0;FAUX;0;0;0;0.0;0.0;0.0;2.0;0.0;0.0;0.0;0.0;0.2307692307692307;3.0;0.3076923076923077;0.6923076923076923;0.7692307692307693;4.0;9.0;-9314.0;-1207.0;-1117.0;-1111.0;-107.0;0.0;0.0;0.0;2.0;1487.4975;0.0;11.0;1749.1538461538462;4901.727272727273;22990.5;131605.68807692308;-4500.0;0.0;0.0;0.0;0.0;0.0;0.0;0.0;0.0;0.2442018942018942;0.4730479379672928;0.0;3.1746246246246246;3.692307692307693;0.0;0.0;0.0;0.0;0.0;0.0;0.0;0.0;0.0;0.0;0.0;0.5;0.0;0.0;0.0;0.0;0.0;0.0;0.0;0.0;0.0;0.0;0.0;0.0;0.0;0.0;0.0;0.0;0.0;0.0;0.0;0.0;0.0;0.0;0.0;0.0;0.0;0.0;0.0;0.0;0.0;0.0;0.0;0.0;0.5;0.0;0.0;0.0;0.0;0.0;0.0;0.0;0.0;0.0;0.0;0.5;0.5;0.5;0.0;0.0;0.0;0.0;0.0;0.5;1.0;0.5;0.5;0.0;0.5;1.0;1.0;0.0;0.0;0.0;0.0;0.0;0.5;0.0;0.0;0.5;0.0;1.0;0.5;0.5;1.0;-1776.0;-1182.0;-1151.0;-1151.0;-1031.0;-1031.0;-1031.0;-1031.0;0.0;0.32672727;5.0;5.0;14.0;-1.0;35154.0;18150.705;18150.705;0.0;365243.0;-1314.0;-219.0;0.0;0.0;0.0;0.0;0.0;0.0;0.0;0.0;0.1666666666666666;0.1666666666666666;0.8333333333333334;2.5;0.0;0.8333333333333334;1.0;5.0;5.0;;;;;;;;;;;;;;;;;;;;;;;;;;1.0;1.0;3.0;18123.93;18123.93;90619.65;VRAI;FAUX;VRAI;FAUX;VRAI;VRAI;FAUX;FAUX;FAUX;FAUX;FAUX;FAUX;VRAI;FAUX;FAUX;FAUX;FAUX;FAUX;FAUX;FAUX;FAUX;FAUX;FAUX;FAUX;FAUX;FAUX;VRAI;FAUX;FAUX
100066;0;315000.0;364896.0;0.04622;-12744;-1013.0;-1686.0;-3171;;0;1;18;0;0.71850747;0.80878776;0.5226973;0.1031;0.1115;0.9781;;;0.2069;0.1667;;;;0.0;0.0;-829.0;VRAI;0;0;0;0.0;0.0;0.0;5.0;0.0;0.0;0.0;0.0;0.3333333333333333;1.0;0.3333333333333333;0.6666666666666666;0.6666666666666666;1.0;2.0;-1628.0;-674.0;873.0;-310.0;-463.0;0.0;0.0;0.0;0.0;0.0;0.0;2.0;1129.3333333333333;0.0;202500.0;316500.0;-509.0;0.0;0.0;0.0;0.0;0.125;2.0;0.0;0.125;0.3639173060528559;0.4094202898550724;2.0;1.0917519181585678;4.0;0.0;0.0;0.0;0.0;0.0;0.0;0.0;0.0;0.0;0.0;0.0;0.0;0.0;0.0;0.1111111111111111;0.0;0.0;0.1111111111111111;0.0;0.0;0.0;0.0;0.1111111111111111;0.1111111111111111;1.0;0.0;0.0;0.0;0.1111111111111111;0.0;1.0;1.0;0.0;0.3333333333333333;0.1111111111111111;3.0;1.0;0.1111111111111111;0.0;0.0;0.0;0.6666666666666666;0.0;6.0;0.3333333333333333;0.0;0.0;0.2222222222222222;0.0;0.0;0.0;0.0;0.0;0.0;0.2222222222222222;0.8888888888888888;0.4444444444444444;0.1111111111111111;0.0;0.0;0.0;2.0;0.0;0.1111111111111111;1.0;0.0;0.1111111111111111;0.2222222222222222;0.4444444444444444;0.0;1.0;2.0;0.1111111111111111;0.1111111111111111;1.0;0.4444444444444444;0.0;0.0;0.0;0.5555555555555556;4.0;0.0;0.3333333333333333;0.5555555555555556;3.0;-3941.0;-829.0;363128.0;-798.0;729610.0;-468.0;365438.0;-468.0;0.2;0.0;0.0;21.5;9.0;-1.0;0.0;2250.0;9932.806;0.0;365243.0;-8324.0;-55.0;0.0;0.0;0.0;0.0;0.0;0.0769230769230769;0.0;7.3469386;0.0;0.0769230769230769;0.8461538461538461;5.6153846;0.0;0.9183673469387756;0.7959183673469388;10.0;11.326530612244898;-1800.0;0.0;0.0;0.0;0.0;0.0;0.0;0.0;0.0;0.0;0.0;0.0;0.0;0.0;0.0;0.0;0.0;0.0;0.0;1.0;9000.0;135000.0;;;;1.0;1.0222223;5.5;7581.51;12377.7;451534.88;VRAI;VRAI;FAUX;VRAI;FAUX;VRAI;FAUX;FAUX;VRAI;VRAI;FAUX;FAUX;VRAI;FAUX;FAUX;FAUX;FAUX;FAUX;FAUX;FAUX;FAUX;FAUX;FAUX;FAUX;VRAI;FAUX;FAUX;FAUX;FAUX
100067;1;162000.0;45000.0;0.018634;-10395;-2625.0;-8124.0;-3041;5.0;1;2;14;0;0.21056221;0.44484755;0.19406782;;;;;;;;;;;4.0;0.0;-1423.0;VRAI;0;0;0;0.0;0.0;0.0;2.0;0.0;0.0;0.0;0.0;0.4117647058823529;7.0;0.2941176470588235;0.7058823529411765;0.5882352941176471;5.0;12.0;-9852.0;-1628.0;-543.0;-906.0;-57.0;0.0;0.0;0.0;4.0;1991.53125;0.0;10.0;2872.8571428571427;6745.851;0.0;190417.76470588235;-4609.0;0.0;0.0;0.0;0.0;0.0;0.0;0.0;0.0;0.3732385261797026;0.2313927902163196;0.0;6.345054945054945;7.0;0.0;0.0;0.0;0.0;0.0;0.0;0.0434782608695652;0.0;0.0;0.0;0.0;0.0;0.0;0.0;0.0434782608695652;0.0;0.0;0.5652173913043478;0.0434782608695652;0.0;0.0;0.0;0.1304347826086956;0.0434782608695652;1.0;0.0;0.0;0.0;0.1739130434782608;0.0;0.0;4.0;0.391304347826087;0.1739130434782608;0.217391304347826;4.0;5.0;0.0869565217391304;0.0;0.0;0.0434782608695652;0.0869565217391304;0.0;2.0;0.0869565217391304;0.3043478260869565;7.0;0.0434782608695652;0.0869565217391304;0.0;0.0;0.0;0.0434782608695652;0.0869565217391304;0.5217391304347826;0.9565217391304348;0.217391304347826;0.2608695652173913;0.0;1.0;2.0;12.0;0.0;0.0434782608695652;1.0;0.0;0.0434782608695652;0.391304347826087;0.4347826086956521;0.0;1.0;9.0;0.1739130434782608;0.0869565217391304;2.0;0.3478260869565217;0.0869565217391304;0.0;0.3478260869565217;0.5652173913043478;8.0;2.0;0.217391304347826;0.3043478260869565;5.0;-18622.0;-2815.0;-10077.0;-2783.0;724122.0;-2513.0;359531.0;-2513.0;0.0;0.0;0.0;23.7;9.0;-1.0;0.0;2250.0;10176.74;0.0;-2628.0;-24150.0;-10.0;0.0;0.0;0.0;0.0;0.0;0.0;0.0;0.7755102;0.0;0.2;0.8;5.0;0.1836734693877551;0.9183673469387756;0.7142857142857143;4.0;8.816326530612244;-333036.0;-20518.516;0.0;0.0;0.0;0.0;0.0;0.0;51.0;215021.33;4080099.5;0.0;0.0;0.0344827586206896;7.0;34.64706;3237.0269;1650.375;45450.0;1.0;45000.0;3915000.0;0.0;0.08045977;2.0;1.0;0.2857143;2.5;57.24;9149.67;272273.84;VRAI;VRAI;FAUX;FAUX;VRAI;VRAI;FAUX;VRAI;FAUX;VRAI;FAUX;FAUX;FAUX;FAUX;FAUX;FAUX;VRAI;VRAI;FAUX;FAUX;FAUX;FAUX;FAUX;FAUX;FAUX;FAUX;FAUX;FAUX;FAUX
100074;0;67500.0;675000.0;0.003122;-23670;;-7490.0;-4136;;0;3;11;0;;0.6600149;0.29859498;0.0216;0.0545;0.9781;;;0.1034;0.0417;0.0095;;;0.0;0.0;-1671.0;VRAI;0;0;0;0.0;0.0;0.0;0.0;0.0;0.0;0.0;0.0;0.0;0.0;0.0;1.0;1.0;0.0;3.0;-4408.0;-2071.0;-1765.0;-1765.0;-1030.0;0.0;0.0;0.0;2.0;0.0;4011.57;1.0;-1022.3333333333334;0.0;30555.0;120324.84;-3810.0;0.0;0.0;0.0;0.0;0.0;0.0;0.2941176470588235;0.1014492753623188;0.0;0.6466292617485146;7.0;0.0;13.333333333333334;0.0;0.0;0.0;0.0;0.0;0.0;0.0;0.0;0.0;0.0;0.0;0.0;0.0;0.0;0.0;0.0;0.0;0.0;0.0;0.0;0.0;0.0;0.0;0.0;0.0;0.0;0.0;0.5;0.5;1.0;0.0;1.0;0.0;0.0;0.0;0.0;0.0;0.0;0.0;0.0;0.0;0.0;0.5;0.0;0.0;0.5;1.0;0.0;1.0;0.0;0.5;0.0;0.5;0.0;0.0;0.0;0.0;0.0;1.0;1.0;0.0;0.0;0.0;0.5;1.0;0.0;0.0;1.0;0.0;0.0;0.0;2.0;0.0;0.0;0.0;0.0;0.0;0.5;0.0;1.0;0.0;0.0;1.0;1.0;2.0;-4386.0;-2715.0;-4318.0;-2682.0;-3778.0;-2412.0;-3778.0;-2412.0;0.0;0.10890909;10.0;10.0;9.0;170.0;3996.0;3995.595;6247.6196;35964.0;365243.0;-16335.0;-550.0;0.0;0.0;0.0;0.0;0.0;0.0;0.0;0.0;0.0909090909090909;0.0909090909090909;0.9090909090909092;5.0;0.0;0.9090909090909092;1.0;10.0;10.0;;;;;;;;;;;;;;;;;;;;;;;;;;1.0;1.0;5.5;3943.08;8484.84;124279.2;VRAI;VRAI;FAUX;FAUX;FAUX;FAUX;VRAI;FAUX;VRAI;VRAI;FAUX;FAUX;FAUX;FAUX;FAUX;FAUX;FAUX;VRAI;FAUX;FAUX;FAUX;FAUX;FAUX;FAUX;FAUX;FAUX;FAUX;FAUX;FAUX
100090;0;135000.0;261621.0;0.008019;-15524;-3555.0;-7833.0;-3985;;0;2;17;0;0.7567222;0.3937147;0.4365065;;;;;;;;;;;0.0;0.0;-1097.0;VRAI;0;0;0;0.0;0.0;0.0;5.0;0.0;0.0;0.0;0.0;0.0;0.0;1.0;0.0;1.0;2.0;0.0;-523.0;-315.0;50.0;-15.0;-208.0;21648.555;;;0.0;;0.0;0.0;103.5;;51957.0;56520.9;-76.0;0.0;0.0;0.0;0.0;1.0;7.0;0.0;0.0;1.0;0.0;0.0;2.0;0.0;0.0;0.0;0.0;0.0;0.0;0.0;0.0;0.0;0.0;0.0;0.0;0.0;0.0;0.0;0.0;0.0833333333333333;0.0;0.1666666666666666;0.0;0.0;0.0;0.0;0.0;0.0833333333333333;1.0;0.0;0.0;0.0833333333333333;0.0833333333333333;1.0;1.0;1.0;0.0;0.0833333333333333;0.0;1.0;0.0;0.0833333333333333;0.0;0.0;0.0833333333333333;0.0833333333333333;0.0;1.0;0.3333333333333333;0.5;6.0;0.0;0.0;0.0;0.0833333333333333;0.0;0.0833333333333333;0.0833333333333333;0.3333333333333333;0.9166666666666666;0.3333333333333333;0.1666666666666666;1.0;1.0;1.0;4.0;0.0;0.0833333333333333;1.0;0.0;0.1666666666666666;0.25;0.5;0.0;2.0;3.0;0.0;0.0;0.0;0.1666666666666666;0.0833333333333333;0.0;0.0833333333333333;0.5;2.0;1.0;0.1666666666666666;0.4166666666666667;2.0;-6558.0;-1097.0;362495.0;-1066.0;729290.0;-593.0;365615.0;-593.0;0.4;0.0;0.0;21.0;13.0;-1.0;0.0;5859.18;16821.14;0.0;365243.0;-21618.0;-28.0;0.0;0.0;0.0;0.0;0.0;0.0;0.0;6.5172415;0.0;0.0769230769230769;0.9230769230769232;6.0;0.0;0.9482758620689656;0.8793103448275862;7.0;16.56896551724138;-11368.0;0.0;0.0;0.0;0.0;0.0;0.0;0.0;0.0;0.0;0.0;0.0;0.0;0.0;0.0;0.0;0.0;0.0;0.0;1.0;45000.0;1260000.0;;;;1.0;2.467742;4.0;5837.4;27000.0;897850.44;VRAI;VRAI;FAUX;FAUX;VRAI;FAUX;VRAI;FAUX;FAUX;VRAI;FAUX;FAUX;FAUX;FAUX;FAUX;VRAI;FAUX;FAUX;FAUX;FAUX;FAUX;FAUX;FAUX;FAUX;FAUX;FAUX;VRAI;FAUX;FAUX
100091;0;247500.0;296280.0;0.018634;-12278;-929.0;-6031.0;-4586;;0;2;17;0;0.2632376;0.47003552;0.41534716;;;;;;;;;;;1.0;1.0;-619.0;VRAI;0;0;0;0.0;0.0;1.0;3.0;0.0;0.0;0.0;0.0;0.0;0.0;0.3333333333333333;0.6666666666666666;1.0;1.0;2.0;-1891.0;-1409.0;-678.0;-22.0;-119.0;0.0;0.0;0.0;0.0;0.0;0.0;1.0;465.6666666666667;0.0;95179.5;649948.5;-1153.0;0.0;0.0;0.0;0.0;0.0;0.0;0.0;0.0;0.6666666666666666;0.0;0.0;2.0;1.3333333333333333;0.0;0.0;0.0;0.0;0.0;0.0;0.0;0.1666666666666666;0.0;0.0;0.0;0.0;0.0;0.0;0.0;0.0;0.0;0.3333333333333333;0.0;0.0;0.0;0.0;0.0;0.3333333333333333;2.0;0.0;0.0;0.0;0.0;0.0;0.0;0.0;0.0;0.0;0.3333333333333333;0.0;2.0;0.3333333333333333;0.0;0.0;0.3333333333333333;0.0;0.0;0.0;0.0;0.0;0.0;0.0;0.3333333333333333;0.0;0.0;0.0;0.3333333333333333;0.0;0.0;0.6666666666666666;0.3333333333333333;0.0;0.0;2.0;0.0;0.0;0.0;0.3333333333333333;2.0;0.0;0.6666666666666666;0.3333333333333333;0.6666666666666666;0.0;4.0;2.0;0.0;0.0;0.0;0.0;0.0;0.0;0.0;0.3333333333333333;0.0;0.0;0.3333333333333333;0.3333333333333333;2.0;-2434.0;-619.0;-588.0;-588.0;-468.0;-468.0;-438.0;-438.0;0.0;0.0;0.0;3.0;10.0;-1.0;0.0;7078.95;8601.975;0.0;365243.0;-630.0;-105.0;0.0;0.0;0.0;0.0;0.0;0.0;0.0;0.0;0.1666666666666666;0.1666666666666666;0.8333333333333334;3.3333333;0.0;0.8333333333333334;1.0;5.0;5.0;;;;;;;;;;;;;;;;;;;;;;;;;;1.0;1.2;3.0;7078.95;7078.95;35394.75;VRAI;VRAI;FAUX;FAUX;VRAI;FAUX;VRAI;VRAI;FAUX;VRAI;FAUX;FAUX;FAUX;FAUX;FAUX;FAUX;FAUX;FAUX;FAUX;FAUX;FAUX;FAUX;FAUX;FAUX;FAUX;FAUX;VRAI;FAUX;FAUX
100092;0;90000.0;360000.0;0.01452;-19687;-3578.0;-10673.0;-3183;3.0;0;2;7;0;0.30493978;0.27025536;0.37571102;;;;;;;;;;;5.0;0.0;-1414.0;VRAI;0;0;0;0.0;0.0;1.0;1.0;0.0;0.0;0.0;0.0;0.0769230769230769;1.0;0.5384615384615384;0.4615384615384615;0.9230769230769232;7.0;6.0;-15532.0;-2413.0;-1587.0;-1587.0;-84.0;0.0;0.0;0.0;1.0;0.0;5849.28;10.0;-205.46153846153845;5580.0;24250.5;170352.03115384618;-14360.0;0.0;0.0;0.0;0.0;0.0;0.0;0.0;0.0;0.3284972385417666;0.2636900564905451;0.0;4.270464101042966;8.615384615384615;0.0;0.0;0.0;0.0;0.0;0.0;0.0;0.0;0.0;0.0;0.0;0.0;0.0;0.0;0.0;0.0;0.1666666666666666;0.0;0.0;0.0;0.0;0.0;0.0;0.0;0.0;0.0;0.0;0.0;0.1666666666666666;0.0;0.0;1.0;0.0;0.0;0.1666666666666666;0.0;1.0;0.0;0.0;0.0;0.0;0.3333333333333333;0.0;2.0;0.0;0.1666666666666666;1.0;0.0;0.0;0.1666666666666666;0.1666666666666666;0.6666666666666666;0.0;0.0;0.0;1.0;0.5;0.1666666666666666;1.0;0.0;0.0;0.0;0.0;0.0;0.0;0.8333333333333334;0.0;0.1666666666666666;0.0;5.0;0.0;1.0;0.3333333333333333;0.5;3.0;0.1666666666666666;0.1666666666666666;0.0;0.1666666666666666;1.0;1.0;1.0;0.8333333333333334;0.8333333333333334;5.0;-7716.0;-2391.0;-6964.0;-2355.0;-5824.0;-2085.0;-5794.0;-2085.0;0.0;0.0;6.0;8.8;6.0;20.0;0.0;2511.225;5062.752;17847.0;365243.0;-32472.0;-63.0;0.0;0.0;0.0;0.0666666666666666;0.0;0.0;0.0;0.27118644;0.0;0.1666666666666666;0.8333333333333334;3.3333333;0.864406779661017;0.9152542372881356;0.7288135593220338;5.0;9.847457627118644;;;;;;;;;;;;;;;;;;;;;;;;;;1.0;1.0175439;3.0;1.395;8408.16;257082.08;VRAI;VRAI;FAUX;FAUX;VRAI;FAUX;VRAI;FAUX;VRAI;VRAI;FAUX;FAUX;VRAI;FAUX;FAUX;FAUX;FAUX;VRAI;FAUX;FAUX;FAUX;FAUX;FAUX;FAUX;FAUX;FAUX;FAUX;FAUX;FAUX
100106;0;180000.0;157500.0;0.031329;-12091;-1830.0;-1042.0;-4221;;0;2;9;1;;0.48576993;0.5797274;;;;;;;;;;;0.0;0.0;-765.0;FAUX;0;0;0;0.0;1.0;0.0;0.0;0.0;0.0;0.0;0.0;0.0;0.0;0.0;1.0;1.0;0.0;1.0;-1070.0;-1070.0;;-809.0;-1070.0;;;;0.0;;0.0;0.0;;;225000.0;225000.0;-630.0;0.0;0.0;0.0;0.0;0.25;9.0;0.75;0.0;0.25;0.75;0.0;0.25;0.0;0.0;0.0;0.0;0.0;0.0;0.0;0.0;0.0;0.0;0.0;0.0;0.0;0.0;0.0;0.0;0.0;0.0;0.0;0.0;0.0;0.0;0.0;0.0;0.0;0.0;0.0;0.0;0.0;0.0;0.0;0.0;0.0;0.0;0.0;0.0;0.0;0.0;0.0;0.0;0.0;0.0;0.0;0.2;0.0;0.4;0.6;3.0;0.0;0.0;0.0;0.2;0.0;0.4;0.2;0.2;0.8;0.2;0.4;1.0;2.0;1.0;1.0;0.0;0.2;1.0;0.0;0.2;0.2;0.4;0.0;1.0;1.0;0.0;0.0;0.0;0.4;0.0;0.0;0.0;0.6;2.0;0.0;0.4;0.6;2.0;-2561.0;-765.0;-1659.0;-733.0;364108.0;-613.0;-939.0;-583.0;0.33333334;0.0;3.0;9.0;8.0;-1.0;0.0;11515.41;17582.01;0.0;365243.0;-2458.0;-74.0;0.0;0.0;0.0;0.0;0.0;0.0;0.0;3.3913043;0.0;0.25;0.75;1.25;0.0;0.9130434782608696;0.4347826086956521;3.0;9.173913043478262;;;;;;;;;;;;;;;;;;;;;;;;;;1.0;1.7142857;1.5;4136.94;22948.74;195691.69;FAUX;FAUX;VRAI;FAUX;VRAI;FAUX;VRAI;VRAI;FAUX;VRAI;FAUX;FAUX;FAUX;FAUX;FAUX;VRAI;FAUX;VRAI;FAUX;FAUX;VRAI;FAUX;FAUX;FAUX;FAUX;FAUX;FAUX;FAUX;FAUX
100107;0;180000.0;296280.0;0.032561;-13563;-1007.0;-5719.0;-4044;14.0;0;1;15;0;0.34416527;0.6844067;0.2636468;0.0371;0.0361;0.9513;0.3336;0.0132;0.1379;0.125;0.032;0.0077;0.0007;2.0;0.0;-317.0;FAUX;0;0;0;0.0;0.0;1.0;3.0;0.0;0.0;0.0;0.0;0.0;0.0;1.0;0.0;1.0;1.0;0.0;-17.0;-17.0;349.0;-17.0;-17.0;124195.68;0.0;10031.76;1.0;0.0;0.0;1.0;349.0;10031.76;124195.68;124195.68;0.0;0.0;0.0;0.0;0.0;0.0;0.0;0.0;1.0;0.0;0.0;1.0;0.0;1.0;0.0;0.0;0.0;0.0;0.0;0.0;0.0;0.0;0.0;0.0;0.0;0.0;0.0;0.0;0.0;0.0;0.0;0.0;0.0;0.0;0.0;0.0;0.0;0.0;0.0;0.0;0.0;0.0;0.0;0.0;0.0;0.0;0.0;0.5;0.0;1.0;0.0;0.5;0.0;0.0;0.0;0.0;0.0;0.0;0.0;0.0;0.0;0.0;0.0;0.0;0.5;0.0;0.5;0.0;0.0;0.0;1.0;0.5;1.0;1.0;0.0;0.0;0.0;1.0;2.0;0.0;1.0;0.0;0.5;0.0;2.0;0.0;0.0;0.0;0.0;1.0;0.0;0.0;0.0;0.5;2.0;0.0;0.5;1.0;1.0;-636.0;-318.0;-532.0;-288.0;365225.0;-18.0;365285.0;42.0;0.5;0.0;0.0;6.0;19.0;100.0;0.0;2250.0;4689.742;45000.0;-282.0;-726.0;-66.0;0.0;0.0;0.0;0.0;0.0;0.0;0.0;0.0;0.0909090909090909;0.0909090909090909;0.9090909090909092;6.818182;0.0;0.9090909090909092;1.0;10.0;10.0;-726.0;0.0;0.0;0.0;0.0;0.0;0.0;0.0;82.0;206499.44;872961.75;0.0;0.0;2.363636363636364;0.0;3.2727273;18772.674;3281.0032;19323.99;1.0;45000.0;495000.0;0.0;0.0;0.0;1.0;1.175;5.0;36.99;6618.15;80453.516;VRAI;FAUX;VRAI;FAUX;VRAI;FAUX;VRAI;VRAI;FAUX;VRAI;FAUX;FAUX;FAUX;FAUX;FAUX;VRAI;FAUX;VRAI;FAUX;FAUX;VRAI;FAUX;FAUX;FAUX;FAUX;FAUX;FAUX;VRAI;FAUX
100109;0;202500.0;407520.0;0.00702;-19375;-4739.0;-3035.0;-2895;11.0;1;2;15;0;0.58311784;0.6350278;0.3062023;;;;;;;;;;;0.0;0.0;-2154.0;VRAI;0;0;0;0.0;0.0;0.0;3.0;0.0;0.0;0.0;0.0;0.1538461538461538;2.0;0.2307692307692307;0.7692307692307693;0.8461538461538461;3.0;10.0;-15023.0;-2413.0;-2231.0;-1818.0;-97.0;0.0;0.0;0.0;4.0;0.0;47341.125;6.0;1690.8461538461538;4582.8675;34407.0;128473.52192307691;-14021.0;0.0;0.0;0.0;0.0;0.0;0.0;0.0;0.0;0.3284313725490196;0.4577298001602435;0.0;4.269607843137255;3.923076923076923;0.0;0.0;0.0;0.0;0.0;0.0;0.0;0.0;0.0;0.1111111111111111;0.0;0.0;0.0;0.0;0.0;0.1111111111111111;0.0;0.1111111111111111;0.0;0.0;0.0;0.0;0.1111111111111111;0.1111111111111111;1.0;0.0;0.1111111111111111;0.0;0.0;0.0;0.0;0.0;0.0;0.1111111111111111;0.1111111111111111;1.0;1.0;0.0;0.0;0.1111111111111111;0.1111111111111111;0.3333333333333333;0.0;3.0;0.3333333333333333;0.2222222222222222;2.0;0.0;0.0;0.0;0.0;0.0;0.2222222222222222;0.3333333333333333;0.2222222222222222;0.6666666666666666;0.3333333333333333;0.1111111111111111;0.0;2.0;3.0;2.0;0.0;0.1111111111111111;1.0;0.1111111111111111;0.0;0.0;0.5555555555555556;1.0;0.0;0.0;0.1111111111111111;0.2222222222222222;2.0;0.5555555555555556;0.0;0.2222222222222222;0.0;0.4444444444444444;5.0;0.0;0.1111111111111111;0.3333333333333333;1.0;-10371.0;-2727.0;-4999.0;-2696.0;-3603.0;-2516.0;362757.0;-2486.0;0.5;0.0;0.0;15.5;11.0;-1.0;0.0;7370.685;17240.58;0.0;-2364.0;-5472.0;-684.0;0.0;0.0;0.0;0.0;0.0;0.0;0.0;0.0;0.125;0.125;0.875;3.5;0.0;0.875;1.0;7.0;7.0;-268363.0;0.0;0.0;0.0;0.0;0.0;0.0;0.0;1.0;45000.0;3555000.0;0.0886075949367088;7.0;0.0379746835443038;12.0;25.90411;4367.055;4352.007;83385.0;0.9113924050632912;0.0;0.0;0.0;0.16216215;4.0;1.0;0.09090909;4.0;72.36;7370.685;57455.957;VRAI;VRAI;FAUX;FAUX;VRAI;FAUX;VRAI;FAUX;FAUX;VRAI;FAUX;FAUX;FAUX;FAUX;FAUX;VRAI;FAUX;FAUX;FAUX;FAUX;FAUX;FAUX;FAUX;FAUX;FAUX;FAUX;FAUX;FAUX;FAUX
100117;0;90000.0;499221.0;0.003122;-22705;;-5107.0;-5990;15.0;0;3;10;0;0.5871755;0.6467635;0.6528965;;;;;;;;;;;0.0;0.0;-1132.0;VRAI;0;0;0;0.0;0.0;1.0;0.0;0.0;0.0;0.0;0.0;0.125;1.0;0.25;0.75;0.875;2.0;6.0;-9577.0;-2046.0;-1207.0;-1149.0;-692.0;0.0;0.0;0.0;1.0;56736.39000000001;0.0;3.0;-360.25;8053.5;18385.92;223032.099375;-6899.0;0.0;0.0;0.0;0.0;0.0;0.0;0.0;0.0;0.5791434817170111;0.2736519607843137;0.0;4.633147853736089;6.5;0.0;0.0;0.0;0.0;0.0;0.0;0.0;0.0;0.0;0.0;0.0;0.0;0.0;0.0;0.0;0.0;0.0;0.0;0.0;0.0;0.0;0.0;0.0;0.0;0.0;0.0;0.0;0.0;0.0;0.0;0.0;0.0;0.0;0.0;0.5;0.0;1.0;0.0;0.0;0.0;0.0;0.0;0.0;0.0;0.0;0.0;0.0;0.0;0.5;0.0;0.5;1.0;0.0;0.5;0.0;0.5;0.0;0.0;1.0;0.0;1.0;0.0;0.0;0.5;1.0;0.5;0.0;0.0;0.0;1.0;0.0;0.0;0.0;1.0;2.0;0.0;0.0;0.0;0.5;1.0;0.0;0.0;1.0;1.0;2.0;-1892.0;-1132.0;-1821.0;-1100.0;-1791.0;-1100.0;-1161.0;-590.0;0.0;0.0;6.0;12.0;11.0;1000.0;0.0;3257.955;4635.54;15975.0;365243.0;-549.0;-72.0;0.0;0.0;0.0;0.0;0.0;0.3333333333333333;0.0;0.0;0.3333333333333333;0.3333333333333333;0.3333333333333333;3.6666667;0.0;0.5;1.0;1.0;1.5;;;;;;;;;;;;;;;;;;;;;;;;;;2.0;1.6666666;1.0;3257.955;74828.07;81343.984;VRAI;FAUX;VRAI;FAUX;FAUX;FAUX;VRAI;FAUX;VRAI;VRAI;FAUX;FAUX;FAUX;FAUX;FAUX;FAUX;FAUX;FAUX;FAUX;FAUX;FAUX;FAUX;FAUX;FAUX;FAUX;FAUX;FAUX;FAUX;FAUX
100128;1;225000.0;431280.0;0.025164;-10962;-1883.0;-99.0;-1721;8.0;0;2;10;0;0.33900237;0.37507325;0.34741822;0.1093;0.0464;0.9881;0.8368;0.0;0.1034;0.375;0.0;0.0;0.0282;5.0;0.0;-1616.0;VRAI;0;0;0;0.0;0.0;3.0;4.0;0.0357142857142857;0.0;0.0;0.0357142857142857;0.4642857142857143;13.0;0.1428571428571428;0.8214285714285714;0.5;4.0;23.0;-34898.0;-2642.0;-2269.0;-2241.0;-156.0;0.0;0.0;0.0;21.0;16177.802142857145;11988.0;8.0;4150.62962962963;4718.25;0.0;282561.53464285715;-29966.0;0.0;0.0229885057471264;0.0;0.0;0.0;0.0;0.0;0.0;0.1104988658436934;0.6528353711827258;0.0;3.093968243623416;7.892857142857143;0.0;0.0;0.0;0.0;0.0;0.0;0.0;0.0;0.0;0.0;0.0769230769230769;0.0;0.0;0.0;0.0;0.0;0.0;0.0769230769230769;0.0;0.0769230769230769;0.0;0.0;0.0769230769230769;0.0;0.0;0.0;0.0;0.0;0.3846153846153846;0.0;0.0;5.0;0.0;0.0769230769230769;0.0;1.0;0.0;0.0769230769230769;0.0;0.1538461538461538;0.0769230769230769;0.0769230769230769;0.0;1.0;0.1538461538461538;0.3846153846153846;5.0;0.0;0.0;0.0;0.0;0.1538461538461538;0.0;0.1538461538461538;0.4615384615384615;0.9230769230769232;0.3076923076923077;0.1538461538461538;0.0;0.0;2.0;6.0;0.0;0.0769230769230769;1.0;0.0769230769230769;0.0;0.1538461538461538;0.3076923076923077;1.0;0.0;2.0;0.0769230769230769;0.3846153846153846;5.0;0.1538461538461538;0.0;0.0;0.0769230769230769;0.6923076923076923;2.0;0.0;0.2307692307692307;0.5384615384615384;3.0;-10662.0;-2044.0;360516.0;-2008.0;361086.0;-1768.0;362856.0;-1738.0;0.6;0.0;0.0;25.6;7.0;-1.0;0.0;3713.49;20675.633;0.0;365243.0;-14671.0;-23.0;0.0;0.0;0.0;0.0;0.0;0.0;0.0;0.0;0.0;0.5;0.5;4.5;1.2222222222222223;0.8888888888888888;0.6296296296296297;1.0;9.62962962962963;-847.0;0.0;0.0;0.0;0.0;0.0;0.0;0.0;0.0;0.0;0.0;0.6363636363636364;7.0;0.0;0.0;0.0;0.0;0.0;0.0;0.3636363636363636;270000.0;2970000.0;;;;2.0;1.1071428;1.0;3.51;297868.7;593625.44;VRAI;VRAI;FAUX;FAUX;FAUX;VRAI;FAUX;VRAI;FAUX;FAUX;FAUX;FAUX;FAUX;FAUX;FAUX;FAUX;FAUX;FAUX;FAUX;VRAI;FAUX;FAUX;FAUX;FAUX;FAUX;FAUX;FAUX;VRAI;VRAI
100141;0;175500.0;478498.5;0.010147;-17955;-305.0;-10087.0;-1516;10.0;1;2;11;1;0.6965655;0.7427648;;;;;;;;;;;;0.0;0.0;-814.0;VRAI;0;0;0;;;;;;;;;;;;;;;;;;;;;;;;;;;;;;;;;;;;;;;;;;;;;;0.0;0.0;0.0;0.0;0.0;0.0;0.0;0.0;0.0;0.0;0.0;0.0;0.0;0.0;0.0;0.0;0.0;0.0;0.0;0.0;0.0;0.0;0.0;0.0;0.0;0.0;0.0;0.0;0.0;0.0;0.0;0.0;0.0;0.0;0.0;0.0;0.0;0.0;0.0;0.0;0.0;0.0;0.0;0.0;0.0;0.0;0.0;0.0;1.0;0.0;0.0;0.0;1.0;1.0;0.0;0.0;0.0;1.0;0.0;1.0;1.0;0.0;0.0;1.0;1.0;0.0;0.0;0.0;0.0;0.0;0.0;0.0;0.0;0.0;0.0;0.0;0.0;0.0;0.0;1.0;0.0;0.0;1.0;1.0;1.0;-814.0;-814.0;-783.0;-783.0;-633.0;-633.0;-633.0;-633.0;0.0;0.09395585;6.0;6.0;20.0;13.0;2016.0;4033.26;4033.26;21352.5;365243.0;-1176.0;-168.0;0.0;0.0;0.0;0.0;0.0;0.0;0.0;0.0;0.1428571428571428;0.1428571428571428;0.8571428571428571;3.0;0.0;0.8571428571428571;1.0;6.0;6.0;;;;;;;;;;;;;;;;;;;;;;;;;;1.0;1.0;3.5;4032.855;4032.855;24197.129;VRAI;VRAI;FAUX;FAUX;VRAI;FAUX;VRAI;FAUX;VRAI;VRAI;FAUX;FAUX;FAUX;FAUX;FAUX;VRAI;FAUX;VRAI;FAUX;FAUX;FAUX;FAUX;FAUX;FAUX;FAUX;FAUX;FAUX;FAUX;FAUX
100150;0;99000.0;225000.0;0.007274;-10507;-2780.0;-5072.0;-2729;;0;2;10;0;0.5905312;0.6009994;0.7610264;0.0825;0.0654;0.9762;0.6736;0.0;0.1379;0.1667;0.0477;0.0;0.0;0.0;0.0;-2297.0;VRAI;0;0;0;0.0;0.0;1.0;2.0;0.0;0.0;0.0;0.0;0.0;0.0;0.0;1.0;1.0;0.0;4.0;-8847.0;-2694.0;-2327.0;-931.0;-1869.0;0.0;0.0;;4.0;0.0;7627.5;0.0;-1846.25;;90000.0;106875.0;-10858.0;0.0;0.0;0.0;0.0;0.0;0.0;0.8064516129032258;0.0;0.0564516129032258;0.8807674882203697;0.0;0.2258064516129032;4.75;0.0;0.0;0.0;0.0;0.0;0.0;0.0;0.0;0.0;0.0;0.0;0.0;0.0;0.0;0.0;0.25;0.0;0.0;0.0;0.0;0.0;0.0;0.0;0.0;0.0;0.0;0.0;0.0;0.0;0.0;0.0;0.0;0.0;0.25;0.5;1.0;2.0;0.0;0.0;0.0;0.0;0.0;0.0;0.0;0.25;0.0;0.0;0.0;0.0;0.0;0.0;0.0;0.0;0.5;0.5;0.5;0.5;0.0;0.0;0.0;2.0;2.0;0.0;0.25;1.0;0.0;0.0;0.25;0.25;0.0;0.0;1.0;0.25;0.5;2.0;0.25;0.0;0.25;0.0;0.75;1.0;0.0;0.25;0.5;1.0;-4339.0;-2297.0;-3299.0;-2257.0;-2909.0;-1927.0;-2099.0;-1927.0;0.5;0.10730841;12.0;34.0;10.0;-1.0;5400.0;5923.71;25669.756;0.0;365243.0;-14158.0;-134.0;0.0;0.0;0.0;0.0;0.0;0.0714285714285714;0.0;0.0;0.0714285714285714;0.25;0.75;6.357143;0.0;0.8333333333333334;1.0;3.0;10.0;;;;;;;;;;;;;;;;;;;;;;;;;;1.0;1.0588236;2.0;19.08;15704.955;47381.984;VRAI;VRAI;FAUX;FAUX;FAUX;FAUX;VRAI;VRAI;FAUX;VRAI;FAUX;FAUX;FAUX;FAUX;FAUX;FAUX;VRAI;VRAI;FAUX;FAUX;VRAI;FAUX;FAUX;FAUX;FAUX;FAUX;FAUX;VRAI;VRAI
100168;0;157500.0;266652.0;0.011657;-22557;-13294.0;-13154.0;-4187;;0;1;15;0;;0.708939;0.7463002;0.0515;0.0455;0.9627;;;0.1379;0.2083;0.0;;0.0397;0.0;0.0;-1144.0;VRAI;0;0;0;0.0;0.0;0.0;4.0;0.0;0.0;0.0;0.0;0.0;0.0;0.0;1.0;1.0;0.0;1.0;-1407.0;-1407.0;-676.0;-779.0;-1407.0;0.0;;0.0;0.0;;0.0;1.0;-676.0;0.0;360000.0;360000.0;-1081.0;0.0;0.0;0.0;0.0;0.0638297872340425;3.0;0.5531914893617021;0.3829787234042553;0.0638297872340425;0.5531914893617021;18.0;0.0638297872340425;18.0;0.0;0.0;0.0;0.0;0.0;0.0;0.0;0.0;0.0;0.0;0.0;0.0;0.0;0.0;0.0;0.0;0.0;0.0;0.0;0.0;0.0;0.0;0.0;0.0;0.0;0.0;0.0;0.0;0.0;0.0;1.0;0.0;0.0;0.0;0.0;0.0;0.0;0.0;0.0;0.0;0.0;0.0;0.0;0.0;0.25;0.75;3.0;0.0;0.0;0.0;0.25;0.0;0.25;0.0;0.5;0.75;0.5;0.0;1.0;1.0;0.0;2.0;0.0;0.25;1.0;0.25;0.25;0.5;0.25;1.0;1.0;2.0;0.0;0.0;0.0;0.0;0.0;0.0;0.0;0.75;0.0;0.0;0.25;0.75;1.0;-2741.0;-1144.0;-2243.0;-1110.0;364454.0;-420.0;1447.0;-60.0;0.33333334;0.0;36.0;42.0;9.0;-1.0;0.0;16360.74;35013.184;0.0;365243.0;-21544.0;-91.0;0.0;0.0;0.0;0.0;0.0;0.0;0.0;5.7777777;0.0;0.0625;0.9375;23.04;0.0;0.9629629629629628;0.7592592592592593;13.0;18.685185185185187;;;;;;;;;;;;;;;;;;;;;;;;;;1.0;1.5660378;7.0;11354.67;45711.0;1493756.9;VRAI;VRAI;FAUX;FAUX;VRAI;VRAI;FAUX;FAUX;FAUX;VRAI;FAUX;FAUX;FAUX;FAUX;FAUX;FAUX;FAUX;VRAI;FAUX;FAUX;FAUX;FAUX;FAUX;FAUX;FAUX;FAUX;FAUX;FAUX;FAUX
100169;0;135000.0;540000.0;0.072508;-22784;;-5103.0;-5229;;0;1;12;0;0.8660098;0.63861364;0.15951954;0.3423;0.142;0.9925;0.898;0.0;0.1724;0.6667;0.0;0.0193;0.0164;0.0;0.0;-519.0;FAUX;0;0;0;0.0;0.0;0.0;0.0;0.0;0.0;0.0;0.0;0.0;0.0;1.0;0.0;1.0;1.0;0.0;-187.0;-187.0;118.0;-36.0;-187.0;97011.0;0.0;16033.5;1.0;0.0;7.695;1.0;118.0;16033.5;176382.0;176382.0;-21.0;0.0;0.0;0.0;0.2857142857142857;0.1428571428571428;1.0;0.0;0.5714285714285714;0.1428571428571428;0.0;4.0;0.1428571428571428;4.0;0.0;0.0;0.0;0.0;0.0;0.0;0.0;0.0;0.0;0.0;0.0;0.0;0.0;0.0;0.0;0.0;0.0;0.2941176470588235;0.0;0.0;0.0;0.0;0.0;0.0;0.0;0.0;0.0;0.0588235294117647;0.0588235294117647;1.0;1.0;1.0;0.0;0.0;0.2352941176470588;0.0;4.0;0.1176470588235294;0.0;0.0;0.0588235294117647;0.1176470588235294;0.0;2.0;0.5294117647058824;0.4705882352941176;8.0;0.0;0.0;0.0588235294117647;0.1764705882352941;0.0588235294117647;0.1176470588235294;0.0;0.0588235294117647;0.9411764705882352;0.2941176470588235;0.0;3.0;2.0;0.0;1.0;0.0;0.0;0.0;0.0;0.0;0.2352941176470588;0.7058823529411765;0.0;0.0;4.0;0.0;0.0;0.0;0.2352941176470588;0.1176470588235294;0.0588235294117647;0.0;0.2941176470588235;4.0;2.0;0.2352941176470588;0.2352941176470588;4.0;-7191.0;-561.0;-1839.0;-529.0;-908.0;-319.0;365789.0;-289.0;0.5;0.0;0.0;14.166667;10.0;-1.0;0.0;8030.52;23393.729;0.0;-446.0;-4014.0;-102.0;0.0;0.0;0.0;0.0;0.0;0.0;0.0;0.0;0.0;0.1111111111111111;0.8888888888888888;4.888889;0.1212121212121212;0.9393939393939394;0.6363636363636364;8.0;10.545454545454543;-1224.0;0.0;0.0;0.0;0.0;0.0;0.0;0.0;0.0;0.0;0.0;0.0;0.0;1.5;4.0;3.1666667;18750.0;1204.0162;239640.39;1.0;27000.0;324000.0;0.0;0.33333334;4.0;1.0;1.65;3.5;3.69;44979.977;581655.06;VRAI;VRAI;FAUX;FAUX;FAUX;VRAI;FAUX;FAUX;FAUX;VRAI;FAUX;FAUX;FAUX;FAUX;FAUX;FAUX;FAUX;VRAI;FAUX;FAUX;FAUX;FAUX;FAUX;FAUX;FAUX;FAUX;FAUX;VRAI;VRAI
100170;1;337500.0;1313212.5;0.02461;-11948;-1415.0;-5611.0;-4052;;0;2;11;0;;0.66122586;0.44005784;0.1237;0.0595;0.9866;;;0.1034;0.375;0.0629;;0.0243;1.0;0.0;-1582.0;VRAI;0;0;0;0.0;0.0;0.0;6.0;0.1111111111111111;0.0;0.2222222222222222;0.0;0.4444444444444444;4.0;0.4444444444444444;0.4444444444444444;0.3333333333333333;4.0;4.0;-10236.0;-2800.0;-865.0;-847.0;-105.0;0.0;0.0;0.0;3.0;5992.5;0.0;6.0;11512.666666666666;6358.5;0.0;68277.605;-9382.0;0.0;0.0;0.0;0.0;0.0;0.0;0.0;0.36;0.0762471540316945;0.1838681654979638;2.0;0.6862243862852506;27.22222222222222;0.0;0.0;0.0;0.0;0.0;0.0;0.0;0.0;0.0;0.0;0.0;0.0;0.0;0.0;0.0;0.0625;0.0;0.125;0.0;0.0;0.0;0.0;0.0;0.0;0.0;0.0;0.0;0.0;0.125;0.0;1.0;2.0;0.0;0.25;0.125;4.0;2.0;0.25;0.0;0.0625;0.0625;0.1875;0.0;3.0;0.1875;0.25;4.0;0.0;0.0;0.0;0.0;0.0;0.0;0.0;0.5;1.0;0.375;0.0;0.0;0.0;0.0;8.0;0.0;0.0;0.0;0.0;0.0;0.0;0.5625;0.0;0.0;0.0;0.0;0.4375;7.0;0.0;0.3125;0.0;0.0;0.4375;0.0;5.0;0.0;0.375;0.0;-15321.0;-2766.0;-8526.0;-2736.0;359271.0;-2046.0;359271.0;-2046.0;0.8333333;0.0;0.0;13.8;9.0;-1.0;0.0;5299.785;12255.322;0.0;-229.0;-97150.0;-221.0;0.0;0.0;0.0;0.0;0.0;0.0;0.0;0.0;0.0384615384615384;0.0769230769230769;0.9230769230769232;6.0;1.4943820224719102;0.9438202247191012;1.0;12.0;18.764044943820224;-245.0;315000.0;0.0;0.0;110250.0;0.1428571428571428;0.0;0.0;0.0;0.0;0.0;0.0;0.0;0.0;14.0;2.142857;49564.285;12365.428;18000.0;0.8571428571428571;337500.0;2362500.0;0.0;2.0;9.0;1.0;0.8956522;6.5;7.02;6530.895;88509.87;VRAI;FAUX;VRAI;FAUX;FAUX;FAUX;FAUX;FAUX;VRAI;VRAI;FAUX;FAUX;FAUX;FAUX;FAUX;VRAI;FAUX;VRAI;FAUX;FAUX;VRAI;FAUX;FAUX;FAUX;FAUX;FAUX;FAUX;FAUX;VRAI
100171;0;157500.0;539100.0;0.031329;-13172;-3518.0;-6207.0;-4243;20.0;1;2;14;0;;0.6874077;0.66263777;;;;;;;;;;;7.0;0.0;-2470.0;VRAI;0;0;0;0.0;0.0;1.0;4.0;0.0;0.125;0.0;0.0;0.125;1.0;0.375;0.625;0.75;3.0;5.0;-12125.0;-2858.0;-1856.0;-1940.0;-485.0;0.0;0.0;7515.0;3.0;0.0;22305.870000000003;5.0;57.0;16929.0;49711.5;779664.375;-12604.0;0.0;0.0;0.0;0.0;0.0;0.0;0.0;0.0769230769230769;0.0883561165984507;0.4457962222355213;5.0;0.7068489327876062;19.0;0.0;0.0;0.0;0.0;0.0;0.0;0.0;0.0;0.0;0.0;0.0;0.0;0.0;0.0;0.0;0.0;0.0;0.0;0.0;0.0;0.0;0.0;0.0;0.0;0.0;0.0;0.0;0.0;0.0;0.0;0.0;0.0;0.0;0.0;0.0;0.0;0.0;0.0;0.0;0.0;0.0;0.0;0.0;0.0;0.0;0.0;0.0;0.0;1.0;0.0;0.0;0.0;0.0;0.0;0.0;1.0;0.0;0.0;0.0;0.0;0.0;0.0;0.0;0.0;0.0;0.0;1.0;0.0;0.0;0.0;1.0;0.0;1.0;1.0;1.0;0.0;0.0;0.0;1.0;1.0;0.0;0.0;1.0;1.0;1.0;-2776.0;-2776.0;-2728.0;-2728.0;-2458.0;-2458.0;-2398.0;-2398.0;0.0;0.0;12.0;12.0;9.0;15.0;0.0;5119.695;5119.695;43870.5;365243.0;-12773.0;-285.0;0.0;0.0;0.0;0.0;0.0;0.0;0.0;0.0;0.0;0.3333333333333333;0.6666666666666666;0.33333334;0.0;0.8888888888888888;0.3888888888888889;2.0;7.722222222222222;-446976.0;-165814.56;0.0;0.0;0.0;0.0;0.0;0.0;0.0;0.0;0.0;0.0;0.0;0.0729166666666666;7.0;34.23158;1640.625;2142.809;50490.0;1.0;45000.0;4320000.0;0.0;0.072916664;4.0;1.0;0.13675214;2.0;67.5;5119.695;69232.45;VRAI;FAUX;VRAI;FAUX;VRAI;FAUX;VRAI;FAUX;VRAI;VRAI;FAUX;FAUX;FAUX;VRAI;FAUX;FAUX;FAUX;FAUX;VRAI;FAUX;VRAI;FAUX;FAUX;FAUX;FAUX;FAUX;FAUX;FAUX;FAUX
100172;0;76500.0;225000.0;0.010966;-15394;-967.0;-5389.0;-5433;;0;2;10;0;;0.34888583;0.53527623;;;;;;;;;;;4.0;2.0;0.0;VRAI;0;0;0;0.0;0.0;1.0;2.0;0.0;0.0;0.0;0.0;0.3333333333333333;1.0;0.3333333333333333;0.6666666666666666;0.6666666666666666;1.0;2.0;-1745.0;-659.0;-113.0;-212.0;-427.0;0.0;0.0;0.0;0.0;0.0;0.0;2.0;303.0;2238.75;0.0;106012.5;-567.0;0.0;0.0;0.0;0.0;0.0666666666666666;1.0;0.0;0.3181818181818182;0.2191919191919191;0.2252525252525252;7.0;0.6575757575757575;10.666666666666666;0.0;0.0;0.0;0.0;0.0;0.0;0.0;0.0;0.0;0.0;0.0;0.0;0.0;0.0;0.0;0.0;0.0;0.0;0.0;0.0;0.0;0.0;0.0;0.3333333333333333;1.0;0.0;0.0;0.0;0.0;0.0;0.0;0.0;0.0;0.0;0.0;0.0;0.0;0.0;0.0;0.0;0.0;0.0;0.0;0.0;0.3333333333333333;0.0;0.0;0.0;0.6666666666666666;0.0;0.0;0.0;0.6666666666666666;0.0;0.0;0.6666666666666666;0.0;0.6666666666666666;0.0;2.0;0.0;0.0;0.0;0.3333333333333333;1.0;0.0;0.6666666666666666;0.0;0.3333333333333333;0.0;2.0;0.0;0.0;0.0;0.0;0.0;0.3333333333333333;0.0;0.0;0.6666666666666666;0.0;1.0;0.6666666666666666;0.6666666666666666;2.0;-1214.0;-787.0;-841.0;-756.0;364637.0;-606.0;179.0;-426.0;0.0;0.0;12.0;18.0;10.0;-1.0;0.0;3406.545;5361.75;0.0;365243.0;-1480.0;-10.0;0.0;0.0;0.0;0.0;0.0;0.25;0.0;7.3333335;0.0;0.125;0.75;7.125;0.0;0.8333333333333334;0.6666666666666666;3.0;5.666666666666667;;;;;;;;;;;;;;;;;;;;;;;;;;1.0;1.1111112;2.0;3406.545;7316.955;42390.133;VRAI;VRAI;FAUX;FAUX;VRAI;FAUX;VRAI;VRAI;FAUX;VRAI;FAUX;FAUX;FAUX;FAUX;FAUX;VRAI;FAUX;VRAI;FAUX;FAUX;VRAI;FAUX;FAUX;FAUX;FAUX;FAUX;FAUX;FAUX;FAUX
100184;0;112500.0;256032.0;0.019689;-21150;;-4157.0;-4658;;0;2;11;0;;0.2631012;0.4740513;0.1361;;0.9826;0.762;0.0573;0.069;0.1667;0.0645;;0.0284;1.0;0.0;-672.0;VRAI;0;0;0;0.0;0.0;0.0;4.0;0.0;0.0;0.0909090909090909;0.0;0.3636363636363636;4.0;0.4545454545454545;0.5454545454545454;0.5454545454545454;5.0;6.0;-5816.0;-953.0;-632.0;-638.0;-27.0;0.0;0.0;0.0;0.0;0.0;0.0;10.0;16.22222222222222;4996.35;15750.0;129297.68181818182;-2321.0;0.0;0.0;0.0;0.0;0.0;0.0;0.0;0.0;0.1730248917748917;0.3319515501333683;0.0;1.903273809523809;7.454545454545454;0.0;0.0;0.0;0.0;0.0;0.0;0.0;0.0;0.0;0.0;0.0;0.0;0.0;0.0;0.0;0.0;0.0;0.3636363636363636;0.0;0.0;0.0;0.0;0.0;0.0;0.0;0.0;0.0;0.1818181818181818;0.1818181818181818;2.0;1.0;2.0;0.0;0.0909090909090909;0.0;1.0;0.0;0.0909090909090909;0.0;0.0;0.0;0.3636363636363636;0.0909090909090909;4.0;0.2727272727272727;0.0;0.0;0.0;0.0;0.0;0.0909090909090909;0.0;0.0909090909090909;0.0;0.3636363636363636;0.7272727272727273;0.3636363636363636;0.0909090909090909;1.0;1.0;0.0;4.0;0.0;0.1818181818181818;2.0;0.0;0.0;0.2727272727272727;0.3636363636363636;0.0;0.0;3.0;0.0;0.1818181818181818;2.0;0.2727272727272727;0.4545454545454545;0.0909090909090909;0.0;0.6363636363636364;3.0;5.0;0.2727272727272727;0.2727272727272727;3.0;-10057.0;-2913.0;-6418.0;-2882.0;359809.0;-2792.0;-5368.0;-2792.0;0.6666667;0.0;4.0;27.714285;11.0;-1.0;0.0;4620.51;11894.772;0.0;365243.0;-16941.0;-253.0;0.0;0.0;0.0;0.0;0.0;0.0;0.0;1.7837838;0.0;0.2;0.8;2.0;0.0;0.945945945945946;0.4054054054054054;4.0;16.054054054054053;;;;;;;;;;;;;;;;;;;;;;;;;;1.0;1.081081;2.5;1347.93;8654.535;223704.0;VRAI;VRAI;FAUX;FAUX;FAUX;FAUX;VRAI;FAUX;FAUX;VRAI;FAUX;FAUX;FAUX;FAUX;FAUX;FAUX;FAUX;FAUX;FAUX;FAUX;FAUX;FAUX;FAUX;FAUX;FAUX;FAUX;FAUX;VRAI;FAUX
100187;0;225000.0;501363.0;0.031329;-21040;-2467.0;-918.0;-3663;;0;2;12;0;;0.2662121;0.5954562;0.0722;;0.9965;;;0.0345;0.5;;;0.0843;5.0;1.0;-1792.0;VRAI;0;0;0;0.0;0.0;0.0;0.0;0.0;0.0;0.0;0.0;0.25;1.0;0.25;0.75;0.75;1.0;3.0;-2382.0;-811.0;-497.0;-494.0;-309.0;0.0;0.0;33750.0;4.0;0.0;0.0;1.0;194.3333333333333;33750.0;317893.05;1103223.2625;-867.0;0.0;0.0;0.0;0.0;0.0;0.0;0.0;0.04;0.1227272727272727;0.5179956427015251;1.0;0.4909090909090909;5.75;0.0;0.0;0.0;0.0;0.0;0.0;0.0;0.0;0.0;0.0;0.0;0.0;0.0;0.0;0.0;0.0;0.0;0.1428571428571428;0.0;0.0;0.0;0.0;0.0;0.1428571428571428;1.0;0.0;0.0;0.1428571428571428;0.0;1.0;1.0;0.0;0.0;0.0;0.1428571428571428;0.0;1.0;0.1428571428571428;0.0;0.0;0.2857142857142857;0.7142857142857143;0.1428571428571428;5.0;0.1428571428571428;0.1428571428571428;1.0;0.0;0.0;0.0;0.0;0.0;0.1428571428571428;0.0;0.1428571428571428;0.8571428571428571;0.2857142857142857;0.1428571428571428;0.0;1.0;0.0;1.0;0.0;0.1428571428571428;1.0;0.0;0.0;0.1428571428571428;0.8571428571428571;0.0;0.0;1.0;0.0;0.0;0.0;0.2857142857142857;0.0;0.0;0.4285714285714285;0.1428571428571428;2.0;0.0;0.2857142857142857;0.5714285714285714;2.0;-5214.0;-1792.0;361698.0;-1760.0;362898.0;-1091.0;364488.0;-1091.0;0.0;0.0;0.0;19.2;9.0;-1.0;0.0;4500.0;12724.182;0.0;365243.0;-37081.0;-76.0;0.0;0.0;0.0;0.0;0.0;0.0;0.0;0.0;0.04;0.125;0.875;6.0;0.0;0.9347826086956522;1.0;7.0;17.652173913043477;-968.0;0.0;0.0;0.0;0.0;0.0;0.0;0.0;0.0;0.0;0.0;0.3636363636363636;4.0;0.0;0.0;0.0;0.0;0.0;0.0;0.6363636363636364;90000.0;990000.0;;;;1.0;1.0232558;4.0;10281.87;20717.73;610510.1;VRAI;VRAI;FAUX;FAUX;FAUX;VRAI;FAUX;FAUX;VRAI;VRAI;FAUX;FAUX;FAUX;FAUX;FAUX;FAUX;FAUX;FAUX;FAUX;FAUX;FAUX;FAUX;FAUX;FAUX;FAUX;FAUX;VRAI;FAUX;FAUX
100212;0;90000.0;450000.0;0.005002;-15773;-1310.0;-7173.0;-5049;22.0;0;3;15;0;;0.7629532;0.35729328;;;;;;;;;;;5.0;0.0;-2865.0;VRAI;0;0;0;0.0;0.0;0.0;0.0;0.0;0.0;0.0;0.0;0.0;0.0;1.0;0.0;1.0;1.0;0.0;-78.0;-78.0;107.0;-16.0;-78.0;16299.0;0.0;3357.54;1.0;0.0;0.0;1.0;107.0;3357.54;23502.645;23502.645;-3.0;0.0;0.0;0.0;0.0;0.0;0.0;0.0;1.0;0.0;0.0;3.0;0.0;3.0;0.0;0.0;0.0;0.0;0.0;0.0;0.0;0.0;0.0;0.0;0.0;0.0;0.0;0.0;0.0;0.0;0.0;0.0;0.0;0.0;0.0;0.0;0.2;0.2;1.0;0.0;0.2;0.2;0.4;1.0;1.0;2.0;0.0;0.0;0.2;0.0;1.0;0.0;0.0;0.0;0.0;0.0;0.0;0.0;0.2;0.2;1.0;0.0;0.6;0.0;0.4;0.0;0.6;0.0;0.0;0.8;0.4;0.6;2.0;3.0;0.0;0.0;0.0;0.0;0.0;0.0;0.2;0.0;0.6;0.0;1.0;0.0;0.0;0.0;0.0;0.2;0.0;0.2;0.0;0.4;1.0;0.0;0.8;0.8;4.0;-6074.0;-2865.0;-5539.0;-2833.0;-4399.0;-2143.0;-4039.0;-2143.0;0.25;0.09814095;6.0;13.5;10.0;-1.0;5845.5;2962.215;10266.063;0.0;365243.0;-48023.0;-147.0;0.0;0.0;0.0;0.0;0.0;0.0;0.0;0.52272725;0.0;0.1428571428571428;0.8571428571428571;3.0;0.0;0.9318181818181818;0.4772727272727273;6.0;14.886363636363637;;;;;;;;;;;;;;;;;;;;;;;;;;1.0;1.0476191;3.5;2881.215;14873.13;297755.72;VRAI;VRAI;FAUX;FAUX;VRAI;FAUX;FAUX;FAUX;VRAI;VRAI;FAUX;FAUX;VRAI;FAUX;FAUX;FAUX;FAUX;FAUX;FAUX;FAUX;FAUX;FAUX;FAUX;FAUX;FAUX;FAUX;VRAI;FAUX;FAUX
100222;0;360000.0;945000.0;0.030755;-17796;-2785.0;-2296.0;-1224;1.0;0;2;12;0;;0.67860186;0.2539628;;;;;;;;;;;0.0;0.0;0.0;VRAI;0;0;0;0.0;0.0;1.0;3.0;0.0;0.0;0.0;0.0;0.2142857142857142;3.0;0.3571428571428571;0.6428571428571429;0.7857142857142857;5.0;9.0;-17344.0;-1929.0;-1563.0;-1539.0;-371.0;0.0;0.0;0.0;3.0;7179.030000000001;1440.0;10.0;4070.153846153846;6164.55;61024.5;392521.6285714285;-13756.0;0.0;0.0;0.0;0.0;0.0;0.0;0.0;0.0;0.2113272195419134;0.5066705069757115;0.0;2.958581073586788;11.142857142857142;0.0;0.0;0.0;0.0;0.0;0.0;0.0;0.0;0.0;0.0;0.0;0.0;0.0;0.0;0.0;0.0;0.25;0.0;0.0;0.75;0.0;0.0;0.0;0.0;0.0;0.0;0.0;0.0;0.0;0.0;0.0;0.0;0.0;0.0;0.25;0.0;1.0;0.0;0.0;0.0;0.0;0.75;0.0;3.0;0.25;0.0;0.0;0.0;0.0;0.0;0.0;0.75;0.0;0.0;0.0;0.25;0.0;0.0;0.0;0.0;0.0;0.0;0.0;0.75;3.0;0.75;0.0;0.5;0.25;3.0;0.0;2.0;0.0;0.0;0.0;0.0;0.0;0.0;0.0;0.75;0.0;0.0;0.5;0.25;2.0;-2063.0;-582.0;0.0;;0.0;;0.0;;;0.0;18.0;18.0;12.0;-1.0;0.0;21672.314;23870.496;0.0;;-3610.0;-190.0;0.0;0.0;0.0;0.0;0.0;0.0;0.0;0.0;0.0526315789473684;0.0526315789473684;0.9473684210526316;9.0;0.0;0.9473684210526316;1.0;18.0;18.0;;;;;;;;;;;;;;;;;;;;;;;;;;1.0;1.0;9.5;21650.086;21650.086;389701.56;VRAI;VRAI;FAUX;FAUX;VRAI;FAUX;VRAI;FAUX;VRAI;VRAI;FAUX;FAUX;FAUX;FAUX;FAUX;FAUX;FAUX;FAUX;VRAI;FAUX;FAUX;FAUX;FAUX;FAUX;FAUX;FAUX;VRAI;FAUX;FAUX
100223;0;180000.0;490374.0;0.00496;-12994;-2055.0;-164.0;-3461;;0;2;11;0;0.44775382;0.7858814;0.6127042;0.1129;;0.9876;;;0.3103;0.1875;0.0114;;;2.0;0.0;-1967.0;VRAI;0;0;0;0.0;0.0;1.0;3.0;0.0;0.1428571428571428;0.0;0.0;0.0;0.0;0.5714285714285714;0.4285714285714285;0.8571428571428571;4.0;3.0;-5514.0;-2392.0;-633.0;-1464.0;-196.0;0.0;0.0;0.0;2.0;0.0;0.0;3.0;1427.857142857143;23940.0;135000.0;1047492.0;-4450.0;0.0;0.0;0.0;0.0;0.0;0.0;0.0;0.0;0.4630442894457361;0.2079831932773109;0.0;3.2413100261201526;3.4285714285714284;0.0;0.0;0.0;0.0;0.0;0.0;0.0;0.0;0.0;0.0;0.0;0.0;0.0;0.0;0.0;0.0;0.0;0.1666666666666666;0.0;0.0;0.0;0.0;0.1666666666666666;0.0;0.0;0.0;0.0;0.0;0.1666666666666666;0.0;0.0;1.0;0.0;0.0;0.5;0.0;3.0;0.0;0.0;0.0;0.0;0.3333333333333333;0.1666666666666666;2.0;0.0;0.0;0.0;0.0;0.0;0.0;0.1666666666666666;0.0;0.1666666666666666;0.0;0.6666666666666666;0.8333333333333334;0.6666666666666666;0.3333333333333333;1.0;1.0;0.0;4.0;0.0;0.1666666666666666;1.0;0.0;0.0;0.1666666666666666;0.1666666666666666;0.0;0.0;1.0;0.1666666666666666;0.5;3.0;0.3333333333333333;0.0;0.0;0.0;0.8333333333333334;2.0;0.0;0.3333333333333333;0.8333333333333334;2.0;-6576.0;-1967.0;-5986.0;-1936.0;361226.0;-1606.0;-3256.0;-1606.0;0.4;0.0;6.0;24.0;10.0;-1.0;0.0;3677.04;17108.797;30667.5;365243.0;-36182.0;-234.0;0.0;0.0;0.0;0.0;0.0;0.0;0.0;6.826667;0.0;0.1428571428571428;0.8571428571428571;3.0;0.0;0.96;0.4533333333333333;6.0;19.8;;;;;;;;;;;;;;;;;;;;;;;;;;1.0;1.0140845;3.5;8.505;19316.025;503595.78;VRAI;VRAI;FAUX;FAUX;FAUX;VRAI;FAUX;FAUX;VRAI;VRAI;FAUX;FAUX;FAUX;FAUX;FAUX;FAUX;FAUX;FAUX;FAUX;FAUX;FAUX;FAUX;FAUX;FAUX;FAUX;FAUX;FAUX;FAUX;FAUX
100232;1;102150.0;335592.0;0.00496;-14445;-1751.0;-2204.0;-5049;;0;2;15;0;;0.7845722;0.56737924;;;;;;;;;;;0.0;0.0;-551.0;VRAI;0;0;0;0.0;0.0;0.0;2.0;0.0;0.0;0.0;0.0;0.5;1.0;1.0;0.0;0.5;2.0;0.0;-1655.0;-987.0;-257.0;-311.0;-668.0;0.0;0.0;0.0;0.0;0.0;0.0;2.0;-257.0;5962.5;225000.0;252000.0;-759.0;0.0;0.0;0.0;0.0;0.0454545454545454;1.0;0.0;0.3636363636363636;0.3409090909090909;0.0;12.0;0.6818181818181818;16.5;0.0;0.0;0.0;0.0;0.0;0.0;0.0;0.0;0.0;0.0;0.0;0.0;0.0;0.0;0.0;0.0;0.0;0.0;0.0;0.0;0.0;0.0;0.0;0.0;0.0;0.0;0.0;0.0;0.0;0.0;0.0;0.0;0.0;0.0;0.0;0.0;0.0;0.0;0.0;0.0;0.0;0.6666666666666666;0.0;2.0;0.3333333333333333;0.0;0.0;0.0;0.0;0.0;0.0;0.0;0.0;0.0;0.3333333333333333;0.6666666666666666;0.3333333333333333;0.3333333333333333;0.0;0.0;0.0;1.0;0.0;0.3333333333333333;1.0;0.3333333333333333;0.3333333333333333;0.3333333333333333;0.3333333333333333;1.0;1.0;1.0;0.3333333333333333;0.0;0.0;0.0;0.0;0.0;0.3333333333333333;0.6666666666666666;0.0;0.0;0.3333333333333333;0.6666666666666666;1.0;-1185.0;-551.0;-802.0;-515.0;364818.0;-425.0;218.0;-185.0;0.5;0.20084973;12.0;18.0;12.0;-1.0;28827.0;12938.445;33652.62;0.0;365243.0;-950.0;-55.0;0.0;0.0;0.0;0.0;0.0;0.0;0.0;10.0;0.0;0.2;0.8;8.4;0.0;0.9333333333333332;0.3333333333333333;4.0;8.0;;;;;;;;;;;;;;;;;;;;;;;;;;1.0;1.0714285;2.5;12938.445;54366.797;595421.75;VRAI;VRAI;FAUX;FAUX;VRAI;VRAI;FAUX;FAUX;VRAI;VRAI;FAUX;FAUX;VRAI;FAUX;FAUX;FAUX;FAUX;FAUX;FAUX;FAUX;FAUX;FAUX;FAUX;FAUX;VRAI;FAUX;FAUX;FAUX;FAUX
100241;0;67500.0;431280.0;0.015221;-9187;-270.0;-3663.0;-725;;1;2;14;1;;0.09092189;0.63303167;;;;;;;;;;;0.0;0.0;-247.0;FAUX;0;0;0;0.0;0.0;0.0;2.0;0.0;0.0;0.0;0.0;0.5;1.0;0.5;0.5;0.5;1.0;1.0;-867.0;-620.0;-438.0;-434.0;-247.0;0.0;0.0;0.0;0.0;0.0;0.0;1.0;-111.0;0.0;0.0;22407.75;-246.0;0.0;0.0;0.0;0.0;0.0;0.0;0.0;0.0;0.5;0.3571428571428571;0.0;1.0;3.0;;;;;;;;;;;;;;;;;;;;;;;;;;;;;;;;;;;;;;;;;;;;;;;;;;;;;;;;;;;;;;;;;;;;;;;;;;;;;;;;;;;;;;;;;;;;;;;;;;;;;;;;;;;;;;;;;;;;;;;;;;;;;;;;;;;;;;;;;;;;;;;;;;;;;;;;;;;VRAI;VRAI;FAUX;FAUX;VRAI;FAUX;VRAI;FAUX;VRAI;FAUX;FAUX;FAUX;FAUX;FAUX;FAUX;VRAI;FAUX;FAUX;FAUX;FAUX;VRAI;FAUX;FAUX;FAUX;FAUX;FAUX;FAUX;FAUX;FAUX
100245;0;112500.0;364896.0;0.016612;-13365;-1397.0;-5725.0;-5788;;0;2;17;0;0.63795316;0.6708899;0.5460232;0.1814;0.0292;0.9752;0.66;0.0194;0.0345;0.1667;0.0759;0.0039;0.006;1.0;0.0;-2264.0;VRAI;0;0;0;0.0;0.0;0.0;3.0;0.0;0.0;0.0;0.0;0.2;2.0;0.4;0.6;0.8;4.0;6.0;-16496.0;-2895.0;-1806.0;-1688.0;-584.0;0.0;0.0;0.0;3.0;0.0;1665.0;6.0;-527.3333333333334;10252.5;13500.0;344688.309;-17446.0;0.0;0.0;0.0;0.0;0.0;0.0;0.0;0.0;0.2469109807841177;0.377658690594882;0.0;2.469109807841177;14.5;;;;;;;;;;;;;;;;;;;;;;;;;;;;;;;;;;;;;;;;;;;;;;;;;;;;;;;;;;;;;;;;;;;;;;;;;;;;;;;;;;;;;;;;;;;;;;;;;;;;;;;;;-837.0;-279.0;0.0;0.0;0.0;0.0;0.0;0.0;0.0;0.0;0.3333333333333333;0.3333333333333333;0.6666666666666666;1.0;0.0;0.6666666666666666;1.0;2.0;2.0;-446976.0;-79760.164;0.0;0.0;15780.959;0.0;0.0;0.0;1.0;24290.729;2331910.0;0.0;0.0;0.0;17.0;24.260416;4724.904;942.41016;143010.0;1.0;45000.0;4320000.0;0.0;0.17708333;4.0;1.0;0.023809524;1.5;67.5;6462.045;21294.09;VRAI;VRAI;FAUX;FAUX;VRAI;FAUX;FAUX;FAUX;VRAI;VRAI;FAUX;FAUX;FAUX;FAUX;FAUX;VRAI;FAUX;FAUX;FAUX;FAUX;FAUX;FAUX;FAUX;FAUX;FAUX;FAUX;FAUX;VRAI;FAUX
100253;0;171000.0;819792.0;0.010966;-15631;-3060.0;-1545.0;-3162;1.0;0;2;14;0;0.3987509;0.60833323;0.6769925;0.3309;0.2276;0.9856;0.8028;0.151;0.3103;0.3333;;0.0039;0.0103;0.0;0.0;-2302.0;FAUX;0;0;0;0.0;0.0;1.0;2.0;0.0;0.0;0.0;0.1111111111111111;0.3333333333333333;3.0;0.2222222222222222;0.7777777777777778;0.5555555555555556;2.0;7.0;-17016.0;-2771.0;-2421.0;-2644.0;-580.0;0.0;0.0;0.0;3.0;0.0;0.0;3.0;-1043.111111111111;4245.0;4500.0;462842.69;-20867.0;0.0;0.0;0.0;0.0;0.0;0.0;0.0;0.0;0.3938997821350762;0.4384220864634252;0.0;3.545098039215686;7.222222222222222;0.0;0.0;0.0;0.0;0.0;0.0;0.0;0.0;0.0;0.0;0.0;0.0;0.0;0.0;0.0;0.0;0.0;0.0;0.0;0.0;0.0;0.0;0.0;0.0;0.0;0.0;0.0;0.0;0.1428571428571428;0.0;1.0;1.0;0.0;0.0;0.0;0.0;0.0;0.0;0.0;0.0;0.0;0.0;0.0;0.0;0.0;0.2857142857142857;2.0;0.1428571428571428;0.0;0.0;0.0;0.0;0.0;0.4285714285714285;0.2857142857142857;1.0;0.7142857142857143;0.4285714285714285;0.0;0.0;3.0;2.0;0.0;0.0;0.0;0.2857142857142857;0.0;0.1428571428571428;0.2857142857142857;2.0;0.0;1.0;0.5714285714285714;0.2857142857142857;2.0;0.4285714285714285;0.1428571428571428;0.0;0.0;0.7142857142857143;3.0;1.0;0.7142857142857143;1.0;5.0;-15349.0;-2900.0;-12569.0;-2865.0;-11729.0;-2745.0;-9989.0;-2715.0;0.33333334;0.0;4.0;18.285715;12.0;-1.0;0.0;2732.4;15487.458;16686.0;365243.0;-29540.0;-123.0;0.0;0.0;0.0;0.0;0.0;0.3333333333333333;0.0;0.0;0.0;0.3333333333333333;0.3333333333333333;1.3333334;0.1836734693877551;0.8571428571428571;0.8571428571428571;1.0;7.510204081632653;;;;;;;;;;;;;;;;;;;;;;;;;;2.0;1.326087;1.0;196.155;39352.5;416762.4;VRAI;VRAI;FAUX;FAUX;FAUX;FAUX;VRAI;FAUX;FAUX;VRAI;FAUX;FAUX;FAUX;FAUX;FAUX;FAUX;FAUX;VRAI;FAUX;FAUX;VRAI;FAUX;FAUX;FAUX;FAUX;FAUX;FAUX;FAUX;FAUX
100256;0;121500.0;119925.0;0.019101;-10125;-1161.0;-239.0;-2335;19.0;0;2;15;0;;0.49669993;0.32016337;0.0804;0.0938;0.9886;0.8436;0.1385;0.2069;0.1667;0.0315;0.0;0.0;0.0;0.0;-1198.0;FAUX;0;0;0;0.0;0.0;1.0;6.0;0.0;0.0;0.0;0.0;0.0;0.0;0.3333333333333333;0.6666666666666666;1.0;1.0;2.0;-2947.0;-1429.0;-1276.0;-875.0;-299.0;0.0;0.0;6923.43;1.0;0.0;0.0;1.0;-717.6666666666666;6923.43;23196.78;52528.68;-1946.0;0.0;0.0;0.0;0.0;0.0;0.0;0.0;0.0;0.6666666666666666;0.0;0.0;2.0;3.333333333333333;0.0;0.0;0.0;0.0;0.0;0.0;0.0;0.0;0.0;0.0;0.2352941176470588;0.0;0.0;0.0;0.0;0.0;0.0;0.0588235294117647;0.0;0.0;0.0;0.0;0.0;0.0;0.0;0.0;0.0588235294117647;0.0;0.2941176470588235;0.0;0.0;5.0;0.0;0.6470588235294118;0.0;11.0;0.0;0.3529411764705882;0.0;0.5294117647058824;0.0;0.1176470588235294;0.0;2.0;0.0588235294117647;0.3529411764705882;6.0;0.0;0.0;0.0;0.0;0.0;0.0;0.0;0.4705882352941176;0.8823529411764706;0.5882352941176471;0.1764705882352941;0.0;0.0;0.0;8.0;0.0;0.0588235294117647;1.0;0.0;0.0;0.2352941176470588;0.4117647058823529;0.0;0.0;4.0;0.1176470588235294;0.1764705882352941;3.0;0.1764705882352941;0.2352941176470588;0.0588235294117647;0.1176470588235294;0.5882352941176471;3.0;4.0;0.1176470588235294;0.2352941176470588;2.0;-15199.0;-2896.0;-7027.0;-2859.0;-5797.0;-2709.0;-5527.0;-2709.0;0.5;0.049838275;0.0;21.23077;8.0;-1.0;1800.0;2250.0;13328.245;0.0;365243.0;-25269.0;-325.0;0.0;0.0;0.0;0.0;0.0;0.0;0.0;0.125;0.0;0.1;0.9;3.5;0.0208333333333333;0.9375;0.875;6.0;13.0;;;;;;;;;;;;;;;;;;;;;;;;;;1.0;1.0172414;3.5;30.06;4049.595;45029.383;VRAI;FAUX;VRAI;FAUX;VRAI;FAUX;VRAI;FAUX;FAUX;VRAI;FAUX;FAUX;VRAI;FAUX;FAUX;FAUX;FAUX;FAUX;VRAI;FAUX;FAUX;FAUX;FAUX;FAUX;FAUX;FAUX;FAUX;VRAI;FAUX
100271;0;270000.0;1800000.0;0.026392;-23139;;-262.0;-4637;0.0;0;2;11;0;;0.74942154;0.72094417;;;;;;;;;;;2.0;0.0;-2023.0;VRAI;0;0;0;0.0;0.0;2.0;6.0;0.0;0.0;0.0;0.0;0.0;0.0;0.125;0.875;1.0;1.0;7.0;-11077.0;-2660.0;-2356.0;-2344.0;-374.0;0.0;0.0;0.0;0.0;0.0;0.0;8.0;-1020.875;10591.875;46822.5;396927.5625;-11173.0;0.0;0.0;0.0;0.0;0.0;0.0;0.0;0.1136363636363636;0.1571714025411208;0.4398631691197211;6.0;1.2573712203289669;16.375;0.0;0.0;0.0;0.0;0.0;0.0;0.0;0.0;0.0;0.0;0.0;0.0;0.0;0.0;0.0769230769230769;0.0;0.0;0.0769230769230769;0.0769230769230769;0.0;0.0;0.0;0.0;0.0;0.0;0.0;0.0;0.0;0.2307692307692307;0.0;0.0;3.0;0.0;0.0769230769230769;0.3076923076923077;1.0;4.0;0.0;0.0;0.0;0.0769230769230769;0.2307692307692307;0.0;3.0;0.2307692307692307;0.0769230769230769;1.0;0.0;0.0;0.0;0.0;0.0;0.0;0.0;0.6923076923076923;1.0;0.5384615384615384;0.1538461538461538;0.0;0.0;0.0;9.0;0.0;0.0;0.0;0.0;0.1538461538461538;0.5384615384615384;0.3076923076923077;0.0;2.0;7.0;0.0;0.0;0.0;0.0;0.0;0.0;0.1538461538461538;0.6923076923076923;0.0;0.0;0.0;0.6923076923076923;0.0;-12529.0;-2774.0;-9746.0;-2743.0;-7106.0;-2413.0;-3809.0;-2413.0;0.85714287;0.0;0.0;28.8;11.0;-1.0;0.0;16875.0;37058.29;0.0;365243.0;-70603.0;-191.0;0.0;0.0;0.0;0.0;0.0;0.0;0.0;0.99;0.0;0.5;0.5;0.0;0.0;0.94;0.67;1.0;19.45;;;;;;;;;;;;;;;;;;;;;;;;;;2.0;2.3917525;1.0;23743.71;1704903.6;4861607.5;VRAI;VRAI;FAUX;FAUX;FAUX;FAUX;VRAI;FAUX;VRAI;VRAI;FAUX;FAUX;FAUX;FAUX;FAUX;FAUX;FAUX;FAUX;FAUX;FAUX;FAUX;FAUX;FAUX;FAUX;FAUX;FAUX;FAUX;FAUX;FAUX
100278;1;121500.0;450000.0;0.005002;-10834;-1787.0;-4039.0;-365;;1;3;15;0;0.43062767;0.4720787;0.30010775;0.0062;;0.9657;0.5308;;;0.0;;;0.0;5.0;1.0;-358.0;VRAI;0;0;0;0.0;0.0;1.0;0.0;0.0;0.0;0.0;0.0;0.3333333333333333;1.0;1.0;0.0;0.6666666666666666;3.0;0.0;-1469.0;-802.0;330.0;-190.0;-36.0;168723.0;0.0;19039.5;0.0;0.0;0.0;2.0;724.0;20724.75;180000.0;392938.5;-562.0;0.0;0.0;0.0;0.0;0.3333333333333333;1.0;0.0;0.4814814814814814;0.4382716049382716;0.0;1.0;1.3148148148148149;9.333333333333334;0.0;0.0;0.0;0.0;0.0;0.0;0.0;0.0;0.0;0.0;0.0;0.0;0.0;0.0;0.0;0.0;0.0;0.6666666666666666;0.0;0.0;0.0;0.0;0.0;0.0;0.0;0.0;0.0;0.0;0.3333333333333333;0.0;0.0;1.0;0.0;0.0;0.3333333333333333;0.0;1.0;0.0;0.0;0.0;0.0;0.0;0.0;0.0;0.0;0.0;0.0;0.0;0.0;0.3333333333333333;0.6666666666666666;0.3333333333333333;0.6666666666666666;0.0;0.0;0.0;1.0;1.0;2.0;2.0;0.0;0.0;0.0;1.0;3.0;1.0;0.0;0.0;0.3333333333333333;3.0;0.0;0.0;0.0;0.0;0.0;0.0;0.3333333333333333;0.0;0.0;0.6666666666666666;0.0;1.0;1.0;0.3333333333333333;3.0;-704.0;-358.0;365243.0;365243.0;365243.0;365243.0;268.0;268.0;1.0;0.0;10.0;15.333333;11.0;22.0;0.0;7183.035;10338.57;69979.5;365243.0;-3463.0;-102.0;0.0;0.0;0.0;0.0;0.0;0.125;0.0;0.0;0.0833333333333333;0.1428571428571428;0.75;3.0;0.0;0.8148148148148148;1.0;6.0;7.777777777777778;;;;;;;;;;;;;;;;;;;;;;;;;;;;;;;;VRAI;VRAI;FAUX;FAUX;VRAI;FAUX;VRAI;FAUX;VRAI;VRAI;FAUX;FAUX;FAUX;FAUX;FAUX;FAUX;VRAI;VRAI;FAUX;FAUX;VRAI;FAUX;FAUX;FAUX;FAUX;FAUX;FAUX;FAUX;FAUX
100280;2;405000.0;513040.5;0.04622;-14342;-976.0;-2238.0;-1168;3.0;0;1;10;0;0.8575638;0.7458859;0.6817059;;;;;;;;;;;0.0;0.0;-329.0;FAUX;0;0;0;0.0;0.0;0.0;2.0;0.0666666666666666;0.0;0.0;0.3333333333333333;0.2666666666666666;4.0;0.2;0.7333333333333333;0.4;3.0;11.0;-23481.0;-2861.0;-2238.0;-2226.0;-390.0;0.0;0.0;0.0;5.0;0.0;0.0;8.0;1600.928571428571;7576.875;0.0;1665070.893;-24273.0;0.0;0.0;0.0;0.0;0.0;0.0;0.0;0.0;0.1559771776863552;0.5353910501328478;0.0;2.3396576652953285;13.0;0.0;0.0;0.0;0.0;0.0;0.0;0.0;0.0;0.0;0.0;0.0;0.0;0.0;0.0;0.0;0.0;0.0;0.25;0.0;0.0;0.0;0.0;0.0;0.0;0.0;0.0;0.0;0.0;0.0;0.0;0.0;0.0;0.0;0.0;0.25;0.0;1.0;0.0;0.0;0.0;0.0;0.5;0.0;2.0;0.25;0.0;0.0;0.0;0.0;0.0;0.25;0.0;0.25;0.0;0.5;0.75;0.25;0.75;1.0;1.0;0.0;2.0;0.0;0.25;1.0;0.0;0.0;0.0;0.25;0.0;0.0;0.0;0.0;0.0;0.0;0.25;0.25;0.0;0.0;0.75;1.0;1.0;0.25;0.5;1.0;-2266.0;-970.0;-1547.0;-939.0;-1187.0;-789.0;-347.0;-789.0;0.5;0.19100435;6.0;20.0;9.0;-1.0;14085.0;12397.59;38262.42;0.0;365243.0;-2798.0;-153.0;0.0;0.0;0.0;0.0;0.0;0.0;0.0;0.0;0.1111111111111111;0.1428571428571428;0.8571428571428571;3.0;0.0;0.875;1.0;6.0;7.125;;;;;;;;;;;;;;;;;;;;;;;;;;1.0;1.7647059;3.857142857142857;4612.05;56858.535;600869.7;VRAI;FAUX;VRAI;FAUX;FAUX;FAUX;FAUX;FAUX;VRAI;VRAI;FAUX;FAUX;FAUX;FAUX;FAUX;FAUX;FAUX;VRAI;FAUX;FAUX;VRAI;FAUX;FAUX;FAUX;FAUX;FAUX;FAUX;FAUX;FAUX
100306;0;112500.0;360000.0;0.010032;-8743;-253.0;-8712.0;-1416;;0;2;5;0;;0.3834645;0.4920601;0.0134;;;;;0.069;0.0417;;;;0.0;0.0;0.0;VRAI;0;0;0;0.0;0.0;0.0;2.0;0.0;0.0;0.0;0.0;0.5;1.0;0.0;1.0;0.5;0.0;2.0;-2247.0;-1315.0;-1135.0;-1135.0;-932.0;0.0;0.0;0.0;0.0;0.0;0.0;2.0;-785.0;0.0;43380.0;66690.0;-1411.0;0.0;0.0;0.0;0.0;0.0227272727272727;1.0;0.3870967741935484;0.0454545454545454;0.0274926686217008;0.625366568914956;2.0;0.0549853372434017;10.0;0.0;0.0;0.0;0.0;0.0;0.0;0.0;0.0;0.0;0.0;0.0;0.0;0.0;0.0;0.0;0.0;0.0;0.0;0.0;0.0;0.0;0.0;0.0;0.0;0.0;0.3333333333333333;0.0;0.0;0.3333333333333333;0.0;0.0;1.0;0.0;0.0;0.6666666666666666;0.0;2.0;0.0;0.0;0.0;0.0;0.0;0.0;0.0;0.3333333333333333;0.0;0.0;0.0;0.3333333333333333;0.3333333333333333;0.0;0.0;0.3333333333333333;0.0;0.0;0.6666666666666666;0.3333333333333333;0.0;0.0;1.0;0.0;0.0;0.0;0.3333333333333333;1.0;0.0;0.0;0.3333333333333333;1.0;0.0;0.0;1.0;0.0;0.3333333333333333;1.0;0.3333333333333333;0.0;0.0;0.3333333333333333;0.0;1.0;0.0;0.6666666666666666;0.6666666666666666;2.0;-3332.0;-1872.0;-2933.0;-1806.0;-2333.0;-1476.0;-2333.0;-1476.0;0.0;0.0;10.0;11.0;5.0;-1.0;0.0;4288.905;10182.848;0.0;365243.0;-13288.0;-363.0;0.0;0.0;0.0;0.0;0.0;0.0769230769230769;0.0;0.0;0.0769230769230769;0.0909090909090909;0.8461538461538461;5.0;0.0;0.875;1.0;10.0;10.541666666666666;;;;;;;;;;;;;;;;;;;;;;;;;;1.0;1.0;5.5;45.36;4269.015;51772.5;VRAI;FAUX;VRAI;FAUX;VRAI;FAUX;VRAI;FAUX;FAUX;FAUX;FAUX;FAUX;FAUX;FAUX;FAUX;FAUX;VRAI;FAUX;FAUX;FAUX;VRAI;FAUX;FAUX;FAUX;FAUX;FAUX;FAUX;FAUX;FAUX
100311;0;175500.0;247500.0;0.018209;-17709;-3910.0;-9194.0;-1265;;0;3;11;0;0.6696215;0.3121728;0.16441418;;;;;;;;;;;0.0;0.0;-1098.0;VRAI;0;0;0;0.0;0.0;2.0;5.0;0.0;0.0;0.0;0.0;0.1428571428571428;2.0;0.4285714285714285;0.5714285714285714;0.8571428571428571;6.0;8.0;-12172.0;-1982.0;-1552.0;-1714.0;-39.0;0.0;0.0;0.0;3.0;0.0;0.0;10.0;285.25;1727.4555;0.0;81459.4532142857;-9527.0;0.0;0.0;0.0;0.0;0.0;0.0;0.0;0.0;0.0990978135972436;0.4661104504664535;0.0;1.3873693903614115;6.857142857142857;0.0;0.0;0.0;0.0;0.0;0.0;0.0;0.0;0.0;0.0;0.0;0.0;0.0;0.0;0.0;0.0;0.0;0.125;0.0;0.0;0.0;0.0;0.0;0.0;0.0;0.0;0.0;0.0;0.0;0.0;0.0;0.0;0.0;0.0625;0.4375;1.0;7.0;0.0625;0.0;0.0;0.125;0.0;0.0;0.0;0.4375;0.0;0.0;0.0;0.0;0.0;0.0;0.0;0.0;0.3125;0.375;0.9375;0.375;0.125;0.0;0.0;5.0;6.0;0.0;0.0625;1.0;0.0;0.125;0.125;0.625;0.0;2.0;2.0;0.0;0.125;2.0;0.0;0.125;0.0;0.0625;0.375;0.0;2.0;0.0;0.375;0.0;-6761.0;-1098.0;-3157.0;-1068.0;363340.0;-738.0;-457.0;-738.0;0.6666667;;0.0;12.0;6.0;-1.0;;5700.645;14278.061;0.0;365243.0;-12316.0;-5.0;0.0;0.0;0.0;0.0;0.0;0.0;0.0;2.1960785;0.0;0.25;0.75;6.0;0.0;0.9215686274509804;0.8431372549019608;2.0;10.549019607843135;;;;;;;;;;;;;;;;;;;;;;;;;;1.0;1.0851064;1.5;5700.645;29338.47;814680.94;VRAI;VRAI;FAUX;FAUX;VRAI;FAUX;VRAI;FAUX;VRAI;VRAI;FAUX;FAUX;FAUX;FAUX;FAUX;FAUX;FAUX;FAUX;FAUX;FAUX;FAUX;FAUX;FAUX;FAUX;FAUX;FAUX;FAUX;FAUX;FAUX
100312;0;67500.0;463500.0;0.009175;-23313;;-1806.0;-5207;;0;2;18;0;0.71805674;0.48189253;0.8214433;0.1098;0.104;0.9925;;;0.0862;0.375;0.0181;;0.0051;4.0;0.0;0.0;FAUX;0;0;0;0.0;0.0;0.0;3.0;0.0;0.0;0.0;0.3333333333333333;0.0;0.0;0.6666666666666666;0.3333333333333333;0.6666666666666666;2.0;1.0;-5689.0;-2604.0;-1854.0;-1857.0;-613.0;0.0;0.0;0.0;0.0;0.0;0.0;2.0;-1038.0;15075.0;450000.0;988500.0;-7186.0;0.0;0.0;0.0;0.0;0.3414634146341463;21.0;0.0;0.0;0.6874645490640953;0.2195121951219512;0.0;2.0623936471922857;7.666666666666667;0.0;0.0;0.0;0.0;0.0;0.0;0.0;0.0;0.0;0.0;0.0;0.0;0.0;0.0;0.0;0.0;0.0;0.0;0.0;0.0;0.0;0.0;0.0;0.0;0.0;0.0;0.0;0.5;0.0;1.0;1.0;0.0;0.0;0.0;0.0;0.0;0.0;0.0;0.0;0.0;0.0;0.5;0.5;1.0;0.0;0.0;0.0;0.0;0.0;0.0;0.0;0.0;0.0;0.5;0.5;1.0;0.0;0.0;0.0;0.0;1.0;1.0;0.0;0.0;0.0;0.0;0.0;0.5;0.0;0.0;0.0;1.0;0.0;0.0;0.0;1.0;0.0;0.0;0.0;1.0;2.0;0.0;0.5;1.0;1.0;-3529.0;-2880.0;-3468.0;-2849.0;363084.0;-2159.0;-2088.0;-2159.0;0.0;0.1154612;24.0;24.0;10.0;2806.0;16740.0;6578.1;26281.17;141160.5;365243.0;-52696.0;-230.0;0.0;0.0;0.0;0.0;0.0;0.0;1.0;2.3636363;0.0;0.0;1.0;12.5;4.613636363636363;1.0;0.0;20.0;22.181818181818183;-442225.0;0.0;0.0;0.0;0.0;0.0;0.0;0.0;1.0;450.0;42750.0;0.0;0.0;0.0;8.0;27.56842;786.3158;1494.4878;27430.336;1.0;0.0;0.0;0.0;0.08421053;6.0;1.0;0.6666667;11.0;4.41;45984.24;973558.94;VRAI;FAUX;VRAI;FAUX;FAUX;FAUX;VRAI;FAUX;VRAI;VRAI;FAUX;FAUX;FAUX;FAUX;FAUX;FAUX;FAUX;FAUX;FAUX;FAUX;FAUX;FAUX;FAUX;FAUX;FAUX;FAUX;FAUX;FAUX;FAUX
100330;0;211500.0;539100.0;0.020713;-13900;-2292.0;-308.0;-5677;21.0;0;3;9;0;0.32289457;0.5061354;0.4920601;0.0082;0.0327;0.9811;;;0.0345;0.0417;0.0227;;0.0;10.0;0.0;-998.0;VRAI;0;0;0;0.0;0.0;1.0;3.0;0.0;0.0833333333333333;0.0;0.0833333333333333;0.1666666666666666;2.0;0.0833333333333333;0.9166666666666666;0.6666666666666666;1.0;11.0;-16933.0;-2862.0;-1766.0;-1865.0;-364.0;0.0;0.0;0.0;1.0;0.0;3879.0;11.0;-375.6363636363636;9104.318181818182;44046.0;720360.375;-16123.0;0.0;0.0;0.0;0.0;0.0;0.0;0.0;0.0631578947368421;0.11465950584136;0.6186743456225161;1.0;1.3759140700963206;9.666666666666666;0.0;0.0;0.0;0.0;0.0;0.0;0.0;0.0;0.0;0.0;0.0;0.0;0.0;0.0;0.0;0.0;0.0;0.0;0.0;0.0;0.0;0.0;0.0;0.0;0.0;0.0;0.0;0.0;0.0;0.0;0.0;0.0;0.0;0.25;0.0;1.0;0.0;0.25;0.0;0.0;0.0;0.5;0.25;2.0;0.25;0.0;0.0;0.0;0.0;0.0;0.25;0.0;0.5;0.0;0.0;0.75;0.0;0.25;1.0;2.0;0.0;0.0;0.0;0.25;1.0;0.75;0.25;0.25;0.5;3.0;1.0;1.0;0.0;0.0;0.0;0.0;0.25;0.0;0.0;0.5;0.0;1.0;0.5;0.75;2.0;-2622.0;-998.0;-2113.0;-965.0;363772.0;-815.0;363832.0;-815.0;0.0;0.0;0.0;4.0;7.0;-1.0;0.0;4130.91;8768.235;0.0;-445.0;-2316.0;-141.0;0.0;0.0;0.0;0.0;0.0;0.0;0.0;0.0;0.1428571428571428;0.1666666666666666;0.8333333333333334;3.0;0.0;0.8461538461538461;1.0;5.0;5.538461538461538;-9126.0;0.0;0.0;0.0;961.74005;0.0;0.0;0.0;140.0;258102.97;1785537.0;0.0;0.0;0.0;1.0;3.5;10013.575;4708.196;15456.689;1.0;225000.0;5850000.0;0.0;0.06666667;1.0;1.0;0.23404256;2.5;36.36;10896.435;83247.57;VRAI;VRAI;FAUX;FAUX;VRAI;FAUX;VRAI;FAUX;VRAI;VRAI;FAUX;FAUX;VRAI;FAUX;FAUX;FAUX;FAUX;FAUX;VRAI;FAUX;FAUX;FAUX;FAUX;FAUX;FAUX;FAUX;FAUX;FAUX;FAUX
100331;0;225000.0;792162.0;0.008474;-17884;-2634.0;-7177.0;-1057;13.0;0;2;14;1;;0.7564626;;0.268;0.0564;0.9856;;;0.069;0.3333;0.0098;;;0.0;0.0;-866.0;VRAI;0;0;0;;;;;;;;;;;;;;;;;;;;;;;;;;;;;;;;;;;;;;;;;;;;;;0.0;0.0;0.0;0.0;0.0;0.0;0.0;0.0;0.0;0.0;0.0;0.0;0.0;0.0;0.0;0.0;0.0;0.0;0.0;0.0;0.0;0.0;0.0;0.3333333333333333;1.0;0.0;0.0;0.0;0.0;0.0;0.0;0.0;0.0;0.0;0.0;0.0;0.0;0.0;0.0;0.0;0.0;0.0;0.0;0.0;0.3333333333333333;0.0;0.0;0.0;0.3333333333333333;0.0;0.3333333333333333;0.0;0.3333333333333333;0.3333333333333333;0.0;0.6666666666666666;0.3333333333333333;0.3333333333333333;1.0;1.0;1.0;0.0;0.0;0.3333333333333333;1.0;0.0;0.3333333333333333;0.0;0.3333333333333333;0.0;1.0;0.0;0.3333333333333333;0.3333333333333333;1.0;0.3333333333333333;0.3333333333333333;0.0;0.0;0.6666666666666666;1.0;1.0;0.6666666666666666;0.6666666666666666;2.0;-1905.0;-866.0;-1333.0;-835.0;-1063.0;-715.0;-1033.0;-685.0;0.0;0.0;6.0;6.0;14.0;-1.0;0.0;15381.36;19799.123;0.0;365243.0;-1604.0;-98.0;0.0;0.0;0.0;0.0;0.0;0.0;0.0;0.0;0.1428571428571428;0.1666666666666666;0.8333333333333334;3.0;0.0;0.8461538461538461;1.0;5.0;5.538461538461538;;;;;;;;;;;;;;;;;;;;;;;;;;1.0;1.6666666;2.833333333333333;13343.715;24213.33;225342.27;VRAI;FAUX;VRAI;FAUX;VRAI;VRAI;FAUX;FAUX;VRAI;FAUX;FAUX;FAUX;FAUX;VRAI;FAUX;FAUX;FAUX;FAUX;FAUX;FAUX;VRAI;FAUX;FAUX;FAUX;FAUX;FAUX;FAUX;FAUX;FAUX
100352;1;180000.0;729792.0;0.031329;-18928;-1555.0;-6615.0;-2457;3.0;0;2;9;0;0.5363793;0.67224044;0.18520208;;;;;;;;;;;6.0;0.0;-1895.0;FAUX;0;0;0;0.0;0.0;0.0;0.0;0.0909090909090909;0.0;0.0;0.0;0.4545454545454545;5.0;0.4545454545454545;0.4545454545454545;0.5454545454545454;5.0;5.0;-13256.0;-2893.0;-1990.0;-1990.0;-258.0;0.0;0.0;0.0;7.0;3479.303571428572;41229.0;6.0;184.1;15036.75;0.0;463047.93409090914;-13096.0;0.0;0.0;0.0;0.0;0.0;0.0;0.0;0.0;0.2473484848484848;0.1862951549392227;0.0;2.720833333333333;19.0;0.0;0.0;0.0;0.0;0.0;0.0;0.0;0.0;0.0;0.0;0.2;0.0;0.0;0.0;0.0;0.0;0.0;0.0;0.0;0.0;0.0;0.0;0.0;0.0;0.0;0.0;0.2;0.2;0.0;1.0;0.0;0.0;0.0;0.2;0.0;1.0;0.0;0.0;0.0;0.0;0.0;0.4;0.2;2.0;0.0;0.0;0.0;0.0;0.0;0.0;0.2;0.0;0.4;0.2;0.2;0.8;0.8;0.4;1.0;2.0;1.0;1.0;0.0;0.2;1.0;0.0;0.0;0.2;0.0;0.0;0.0;1.0;0.2;0.4;2.0;0.8;0.4;0.0;0.2;1.0;4.0;2.0;0.8;1.0;4.0;-8454.0;-2507.0;-8297.0;-2475.0;359042.0;-2205.0;-5447.0;-2205.0;0.4;0.0;10.0;20.0;10.0;0.0;0.0;3554.145;8903.169;31531.5;365243.0;-78701.0;-27.0;0.0;0.0;0.0;0.0;0.0;0.0;0.0;1.1428572;0.0;0.1111111111111111;0.8888888888888888;4.0;0.0;0.961038961038961;0.7922077922077922;6.0;23.97402597402597;;;;;;;;;;;;;;;;;;;;;;;;;;1.0;1.0243902;3.5;17.145;11993.265;134256.47;VRAI;FAUX;VRAI;VRAI;FAUX;FAUX;VRAI;FAUX;VRAI;VRAI;FAUX;FAUX;FAUX;VRAI;FAUX;FAUX;FAUX;FAUX;VRAI;FAUX;FAUX;FAUX;FAUX;FAUX;FAUX;FAUX;FAUX;FAUX;FAUX
100358;0;202500.0;798777.0;0.018029;-18552;-2425.0;-3294.0;-2096;;0;3;10;0;0.6707216;0.2906311;0.44539624;0.0082;;0.9717;;;0.0345;0.0417;0.0163;;;0.0;0.0;-1766.0;VRAI;0;0;0;0.0;0.0;1.0;6.0;0.0;0.0;0.0;0.0;0.4285714285714285;6.0;0.5;0.5;0.5714285714285714;7.0;7.0;-17834.0;-2740.0;-1543.0;-1021.0;-301.0;0.0;0.0;0.0;1.0;5.3100000000000005;13650.615;5.0;2329.692307692308;5472.0;0.0;406707.6342857144;-15162.0;0.0;0.0;0.0;0.0;0.0;0.0;0.0;0.0;0.5317857541520822;0.2008160645516229;0.0;7.445000558129151;13.571428571428571;0.0;0.0;0.0;0.0;0.0;0.0;0.0;0.0;0.0;0.0;0.0;0.0;0.0;0.0;0.0555555555555555;0.1111111111111111;0.0;0.2222222222222222;0.0;0.0;0.0;0.1111111111111111;0.0;0.0;0.0;0.0;0.0;0.0;0.0;0.0;0.0;0.0;0.0;0.0555555555555555;0.0;1.0;0.0;0.0555555555555555;0.0;0.0;0.0555555555555555;0.1111111111111111;0.0555555555555555;2.0;0.1666666666666666;0.0555555555555555;1.0;0.0;0.0;0.0;0.0;0.0;0.0555555555555555;0.1111111111111111;0.5;0.9444444444444444;0.5;0.2222222222222222;0.0;1.0;2.0;9.0;0.0;0.0555555555555555;1.0;0.0;0.3888888888888889;0.1666666666666666;0.2777777777777778;0.0;7.0;3.0;0.1666666666666666;0.3333333333333333;6.0;0.2222222222222222;0.3333333333333333;0.0;0.0;0.7222222222222222;4.0;6.0;0.2222222222222222;0.4444444444444444;4.0;-15883.0;-2338.0;-9235.0;-2291.0;358288.0;-2171.0;-5695.0;-2141.0;0.5;0.0;0.0;18.428572;4.0;-1.0;0.0;5710.815;34120.504;0.0;365243.0;-38908.0;-14.0;0.0;0.0;0.0;0.0;0.0;0.1666666666666666;0.0;0.4516129;0.0;0.2;0.75;2.75;0.0;0.9032258064516128;0.8924731182795699;4.0;16.35483870967742;;;;;;;;;;;;;;;;;;;;;;;;;;1.0;1.5294118;2.4;5710.815;25897.186;1370601.9;VRAI;VRAI;FAUX;FAUX;VRAI;FAUX;VRAI;FAUX;VRAI;VRAI;FAUX;FAUX;FAUX;FAUX;FAUX;VRAI;FAUX;FAUX;FAUX;FAUX;VRAI;FAUX;FAUX;FAUX;FAUX;FAUX;FAUX;FAUX;FAUX
100367;0;157500.0;261000.0;0.01452;-19840;-3761.0;-1325.0;-3323;14.0;0;2;10;0;;0.50922894;0.6561584;0.0928;0.0534;0.9841;0.762;;0.1838;0.2221;0.0585;;0.0007;2.0;0.0;-1780.0;VRAI;0;0;0;0.0;0.0;1.0;4.0;0.0;0.0;0.0;0.0;0.0;0.0;0.0;1.0;1.0;0.0;2.0;-3970.0;-2514.0;-1449.0;-675.0;-1456.0;0.0;0.0;0.0;1.0;0.0;21843.0;1.0;-904.5;0.0;675000.0;675000.0;-4531.0;0.0;0.0;0.0;0.0;0.0;0.0;0.25;0.1325301204819277;0.2951807228915662;0.2635542168674699;11.0;0.5903614457831325;20.0;0.0;0.0;0.0;0.0;0.0;0.0;0.0;0.0;0.0;0.0;0.0;0.0;0.0;0.0;0.0;0.0;0.0;0.0;0.0;0.0;0.0;0.0;0.0;0.0;0.0;0.0;0.0;0.4;0.2;2.0;2.0;1.0;0.0;0.0;0.4;0.0;2.0;0.0;0.0;0.0;0.0;0.2;0.0;1.0;0.2;0.0;0.0;0.0;0.0;0.0;0.6;0.0;0.2;0.0;0.2;0.8;0.2;0.4;3.0;1.0;0.0;1.0;0.0;0.0;0.0;0.0;0.2;0.0;0.2;0.0;1.0;0.0;0.0;0.0;0.0;0.6;0.0;0.2;0.0;0.8;3.0;0.0;0.6;0.8;3.0;-4081.0;-1780.0;-3654.0;-1749.0;363183.0;-1059.0;-1974.0;-1059.0;0.0;0.0;12.0;15.0;8.0;-1.0;0.0;3903.93;9774.574;0.0;365243.0;-36264.0;-55.0;0.0;0.0;0.0;0.0;0.0;0.0;0.0;0.5;0.0;0.0833333333333333;0.9166666666666666;5.769231;0.1333333333333333;0.95;0.8333333333333334;10.0;16.466666666666665;;;;;;;;;;;;;;;;;;;;;;;;;;1.0;1.1724138;5.5;125.865;16468.516;339087.25;VRAI;FAUX;VRAI;FAUX;VRAI;FAUX;VRAI;FAUX;VRAI;VRAI;FAUX;FAUX;FAUX;FAUX;FAUX;VRAI;FAUX;FAUX;FAUX;FAUX;FAUX;FAUX;FAUX;FAUX;FAUX;FAUX;FAUX;FAUX;VRAI
100382;1;180000.0;431280.0;0.007274;-11746;-1804.0;-1095.0;-2911;22.0;0;2;14;0;;0.37854454;0.16441418;0.0577;0.086;0.9747;0.6532;0.0062;0.1379;0.125;0.038;0.0;0.0;1.0;0.0;0.0;FAUX;0;0;0;0.0;0.0;1.0;4.0;0.0;0.1111111111111111;0.0;0.0;0.1111111111111111;1.0;0.4444444444444444;0.5555555555555556;0.7777777777777778;4.0;5.0;-8555.0;-2589.0;-2224.0;-2224.0;-52.0;0.0;0.0;0.0;1.0;0.0;0.0;7.0;167.88888888888889;16826.355;13500.0;1194492.5;-7782.0;0.0;0.0;0.0;0.0;0.0;0.0;0.0;0.0;0.2032623215779174;0.3503287847789227;0.0;1.829360894201257;8.333333333333334;0.0;0.0;0.0;0.0;0.0;0.0;0.0;0.1428571428571428;0.0;0.0;0.0;0.0;0.0;0.0;0.0;0.0;0.0;0.2857142857142857;0.0;0.0;0.0;0.0;0.0;0.1428571428571428;1.0;0.0;0.0;0.0;0.0;0.0;0.0;0.0;0.0;0.0;0.2857142857142857;0.0;2.0;0.0;0.0;0.0;0.2857142857142857;0.1428571428571428;0.2857142857142857;1.0;0.0;0.4285714285714285;3.0;0.0;0.5714285714285714;0.0;0.0;0.0;0.2857142857142857;0.0;0.0;0.7142857142857143;0.2857142857142857;0.4285714285714285;0.0;2.0;0.0;0.0;0.0;0.1428571428571428;1.0;0.0;0.1428571428571428;0.1428571428571428;0.4285714285714285;0.0;1.0;1.0;0.4285714285714285;0.1428571428571428;1.0;0.4285714285714285;0.0;0.1428571428571428;0.0;0.5714285714285714;3.0;0.0;0.7142857142857143;0.5714285714285714;5.0;-5732.0;-2654.0;-4257.0;-2623.0;361791.0;-2413.0;-3237.0;-2413.0;0.5;0.0;0.0;6.857143;12.0;38.0;0.0;4500.0;12080.212;45288.0;365243.0;-11930.0;-20.0;0.0;0.0;0.0;0.0;0.0;0.0769230769230769;0.0;0.29411766;0.0;0.1428571428571428;0.8461538461538461;3.6666667;0.0588235294117647;0.8823529411764706;0.8529411764705882;5.0;8.294117647058824;;;;;;;;;;;;;;;;;;;;;;;;;;1.0;1.0571429;3.0;19.08;29542.5;374036.25;VRAI;FAUX;VRAI;FAUX;VRAI;VRAI;FAUX;FAUX;VRAI;VRAI;FAUX;FAUX;FAUX;FAUX;FAUX;FAUX;FAUX;VRAI;FAUX;FAUX;VRAI;FAUX;FAUX;FAUX;FAUX;FAUX;FAUX;VRAI;FAUX
100384;0;112500.0;360000.0;0.018209;-11991;-1303.0;-5282.0;-936;;0;3;13;0;0.6403609;0.39426813;;0.1701;0.0;0.9771;0.6872;0.0365;0.1034;0.1667;0.0631;0.0039;0.0;0.0;0.0;-213.0;VRAI;0;0;0;0.0;0.0;1.0;0.0;0.0;0.0;0.0;0.0;1.0;1.0;1.0;0.0;0.0;1.0;0.0;-407.0;-407.0;;-4.0;-407.0;85648.5;;8842.5;0.0;;0.0;1.0;;8842.5;85266.0;85266.0;-91.0;0.0;0.0;0.0;0.0;0.0;0.0;0.0;1.0;0.0;0.0;14.0;0.0;14.0;0.0;0.0;0.0;0.0;0.0;0.0;0.0;0.0;0.0;0.0;0.0;0.0;0.0;0.0;0.0;0.0;0.0;0.0;0.0;1.0;0.0;0.0;0.0;0.0;0.0;0.0;0.0;0.0;0.0;0.0;0.0;0.0;0.0;0.0;0.0;0.0;0.0;0.0;0.0;0.0;0.0;0.0;0.0;0.0;0.0;0.0;0.0;0.0;0.0;0.0;0.0;1.0;0.0;1.0;0.0;0.0;1.0;0.0;0.0;0.0;1.0;0.0;0.0;1.0;1.0;1.0;0.0;1.0;0.0;1.0;0.0;1.0;0.0;0.0;0.0;0.0;0.0;0.0;0.0;1.0;0.0;0.0;1.0;1.0;1.0;-213.0;-213.0;-181.0;-181.0;-31.0;-31.0;-31.0;-31.0;0.0;0.0;6.0;6.0;10.0;50.0;0.0;10793.565;10793.565;59593.5;365243.0;-8646.0;-28.0;0.0;0.7142857142857143;0.7142857142857143;0.0;0.0;0.0;0.0;0.0;0.0;0.1;0.9;3.0;10.411764705882351;0.9411764705882352;0.5882352941176471;7.0;8.176470588235293;;;;;;;;;;;;;;;;;;;;;;;;;;1.0;1.0;3.7142857142857135;25.74;25.74;180.18;VRAI;VRAI;FAUX;VRAI;FAUX;VRAI;FAUX;FAUX;VRAI;FAUX;FAUX;FAUX;FAUX;FAUX;FAUX;FAUX;FAUX;FAUX;VRAI;FAUX;FAUX;FAUX;FAUX;FAUX;FAUX;FAUX;FAUX;VRAI;FAUX
